trip_id,date,truck_id,num_cars,load_weight_kg,route_distance_km,avg_speed_kmh,elevation_gain_m,ambient_temp_c,rain_mm,wind_kmh,fuel_liters
1,2024-04-12,T029,7,9187,991.2,70.9,117,16.9,4.2,9.5,265.69
2,2024-06-06,T038,8,12482,652.8,69.0,309,12.2,16.4,20.9,189.47
3,2024-05-14,T021,5,6989,666.2,70.3,341,18.0,4.6,7.3,190.16
4,2024-02-04,T014,3,4017,855.3,75.9,1,6.6,10.5,5.7,236.25
5,2024-07-24,T023,7,9859,665.0,100.0,617,24.8,1.3,14.5,177.38
6,2024-03-29,T007,2,2522,320.5,77.7,675,25.7,9.9,15.6,93.78
7,2024-02-02,T023,8,12258,660.3,47.5,617,16.5,1.2,16.7,175.18
8,2024-06-27,T032,3,4647,524.2,65.6,0,17.7,0.3,16.5,131.4
9,2024-03-06,T006,3,4194,473.9,62.7,260,29.8,1.3,10.5,112.84
10,2024-07-16,T008,3,5172,721.3,64.0,221,26.4,2.1,3.2,190.38
11,2024-01-12,T039,2,2798,1061.9,69.7,425,23.7,17.0,5.0,278.57
12,2024-07-21,T017,4,6376,826.3,61.4,369,20.1,0.8,17.5,218.3
13,2024-07-05,T036,6,8188,251.0,78.4,121,29.0,0.6,11.0,63.21
14,2024-05-30,T031,5,7417,635.8,88.4,984,21.4,9.1,10.8,189.4
15,2024-01-09,T035,7,10173,754.4,82.2,797,28.5,14.5,11.0,193.41
16,2024-07-12,T035,3,4358,693.2,85.9,144,31.7,4.3,14.5,180.85
17,2024-04-24,T022,4,5202,595.1,75.3,556,24.1,3.4,20.7,155.11
18,2024-03-01,T019,8,11438,466.5,75.9,476,23.0,3.2,14.0,131.3
19,2024-04-25,T021,4,5024,461.0,85.2,266,29.1,1.8,5.5,112.19
20,2024-08-05,T017,6,9627,147.8,79.9,0,14.5,0.3,15.0,38.19
21,2024-04-24,T023,6,8256,371.3,61.0,236,20.7,0.2,15.6,90.32
22,2024-04-10,T033,4,5969,634.1,67.3,459,37.3,0.6,7.6,142.3
23,2024-02-27,T026,7,10431,446.4,66.3,186,38.1,4.3,14.4,131.75
24,2024-01-22,T029,2,2785,364.3,77.3,543,16.6,2.7,11.6,94.66
25,2024-08-09,T037,9,11020,548.8,89.3,0,33.3,4.3,12.1,149.69
26,2024-05-07,T032,6,9003,247.7,97.6,0,22.8,13.0,15.5,67.37
27,2024-01-08,T029,4,6036,367.6,82.8,426,30.5,1.3,15.8,97.09
28,2024-07-10,T035,5,7172,389.9,78.6,299,22.3,5.6,18.6,106.02
29,2024-01-17,T020,4,6036,707.9,68.7,196,39.3,2.4,18.4,167.68
30,2024-05-02,T021,7,10304,518.1,46.9,792,21.5,0.5,16.8,142.49
31,2024-08-23,T017,5,7167,712.0,85.9,230,18.7,0.3,20.2,210.94
32,2024-03-31,T010,5,6942,509.4,87.3,542,27.9,1.9,12.5,139.16
33,2024-06-14,T006,2,2930,582.7,66.3,404,20.2,1.4,8.7,158.51
34,2024-07-21,T012,4,5408,411.9,57.5,747,17.9,1.8,6.7,101.83
35,2024-07-09,T017,4,4710,669.5,70.5,512,30.2,0.3,12.9,191.71
36,2024-01-05,T033,5,7866,836.0,75.1,658,25.7,3.1,9.1,232.77
37,2024-01-23,T037,7,10374,379.8,64.1,155,17.0,8.4,8.0,89.91
38,2024-01-03,T012,4,6930,434.2,85.8,481,25.9,15.7,16.8,134.84
39,2024-03-19,T027,6,7910,951.5,68.8,483,39.2,6.4,13.4,264.77
40,2024-01-17,T020,6,8211,500.4,56.3,517,26.9,0.8,6.4,135.92
41,2024-07-13,T027,4,5799,345.6,70.7,91,19.6,2.8,4.8,91.36
42,2024-02-16,T022,7,9219,647.5,65.4,42,43.0,1.8,10.1,176.97
43,2024-01-14,T007,7,10167,718.4,61.5,293,17.8,3.3,15.5,188.55
44,2024-01-13,T020,1,1329,998.0,90.8,488,40.7,3.3,20.3,240.64
45,2024-06-28,T026,3,4248,515.3,64.6,35,33.5,0.4,11.8,139.5
46,2024-03-19,T006,5,7336,644.7,75.4,795,33.9,0.9,11.5,171.69
47,2024-05-19,T001,2,2900,578.9,100.0,0,22.8,0.6,9.6,155.93
48,2024-03-05,T037,9,11930,555.1,77.4,510,29.5,18.8,11.1,144.42
49,2024-01-01,T022,7,10426,624.6,65.1,179,29.9,1.5,13.5,184.79
50,2024-03-12,T039,7,10104,1005.9,96.0,0,14.3,3.0,2.3,273.6
51,2024-03-07,T007,7,10852,512.9,81.9,602,20.0,0.9,14.3,156.22
52,2024-03-14,T033,6,7655,60.0,72.7,976,15.9,2.1,29.9,19.51
53,2024-01-26,T027,3,4028,703.8,61.3,0,25.4,3.8,27.9,196.03
54,2024-03-08,T005,6,8738,269.3,55.9,821,25.5,10.4,12.6,72.1
55,2024-05-28,T026,9,13118,490.7,84.9,204,30.8,10.1,0.0,120.21
56,2024-06-10,T027,2,2647,487.2,71.9,20,30.4,1.8,11.1,143.97
57,2024-06-04,T021,6,8592,161.6,73.3,632,19.4,1.5,6.5,37.5
58,2024-07-02,T019,5,5610,842.4,75.6,641,32.3,3.0,6.0,251.25
59,2024-08-09,T038,5,7097,471.3,62.1,580,24.5,6.5,17.7,135.93
60,2024-02-26,T003,7,8809,627.7,57.3,528,22.1,5.1,9.8,177.16
61,2024-07-14,T037,5,6317,463.4,88.4,542,26.6,4.9,17.2,133.66
62,2024-01-11,T002,5,6903,743.5,64.5,662,21.1,14.7,14.8,207.53
63,2024-06-06,T023,5,7980,667.9,64.5,245,13.7,1.3,12.6,170.81
64,2024-06-14,T034,9,13337,635.9,91.4,742,16.0,9.8,15.1,162.98
65,2024-05-01,T002,7,9205,353.8,64.7,0,16.6,5.1,3.9,87.42
66,2024-04-07,T024,6,8577,185.8,71.9,185,10.5,5.9,17.9,55.22
67,2024-06-19,T025,7,9378,734.0,79.5,0,18.2,10.0,10.5,187.33
68,2024-03-02,T016,6,8884,757.8,82.0,464,23.4,1.0,2.0,211.02
69,2024-01-14,T015,3,4575,669.9,72.3,357,31.5,0.2,8.9,174.79
70,2024-07-06,T034,6,8963,237.5,88.0,429,40.3,5.4,14.9,61.3
71,2024-04-17,T002,7,9937,369.6,65.9,0,31.4,16.6,13.9,106.12
72,2024-04-12,T020,4,5956,342.9,59.9,87,8.5,4.6,4.8,92.92
73,2024-02-15,T024,9,11976,876.6,53.2,368,19.9,0.8,8.4,254.48
74,2024-01-05,T023,8,10585,623.7,65.4,508,25.6,3.6,2.9,168.57
75,2024-04-14,T003,5,5937,478.7,73.5,407,16.3,0.0,6.9,128.79
76,2024-05-25,T006,7,9979,700.5,85.2,383,25.3,8.1,22.4,185.81
77,2024-02-17,T013,7,10600,857.0,64.2,470,21.0,5.4,7.0,233.7
78,2024-07-24,T013,5,7067,192.3,72.3,372,30.0,3.1,3.9,51.3
79,2024-06-06,T007,7,9936,202.9,74.1,452,22.5,4.9,9.6,53.68
80,2024-07-11,T022,5,7106,404.3,70.4,0,29.9,2.4,18.5,87.93
81,2024-02-08,T015,7,10719,808.3,69.3,63,23.1,4.1,15.8,197.92
82,2024-05-10,T001,8,10245,660.8,76.8,522,14.7,3.1,27.4,179.2
83,2024-04-02,T008,7,10227,812.4,74.4,527,23.3,0.5,20.6,217.82
84,2024-08-15,T009,5,6151,370.2,82.1,186,20.4,0.0,0.7,93.76
85,2024-04-19,T031,7,10891,623.2,64.6,459,25.3,0.1,6.5,160.24
86,2024-06-09,T010,6,7800,756.5,79.6,105,26.8,0.5,12.8,211.38
87,2024-03-13,T039,2,3107,643.1,68.0,953,29.2,3.6,23.9,193.42
88,2024-05-06,T014,4,5342,613.3,78.3,206,23.8,3.2,24.9,167.03
89,2024-04-05,T003,5,6511,209.4,77.8,245,33.1,4.0,10.4,59.57
90,2024-07-06,T024,7,12242,536.9,90.8,0,34.5,4.3,14.6,125.44
91,2024-01-18,T021,4,5829,577.3,65.4,182,23.8,1.1,19.0,162.82
92,2024-08-18,T025,4,5626,756.1,84.6,276,24.1,3.7,11.4,187.72
93,2024-01-31,T011,5,7550,90.5,61.4,456,41.5,11.9,4.4,21.86
94,2024-01-28,T037,7,8047,733.5,85.1,309,36.7,0.1,25.8,198.31
95,2024-08-16,T005,6,7685,875.5,95.7,296,24.5,1.2,14.4,226.06
96,2024-02-07,T020,4,5890,341.8,66.5,201,23.2,1.1,11.8,92.51
97,2024-04-22,T012,6,8227,685.4,82.1,803,16.1,3.7,9.4,191.05
98,2024-03-29,T013,6,9478,598.2,51.8,116,32.4,5.7,15.4,169.83
99,2024-03-15,T001,6,7557,158.4,61.4,738,11.6,1.9,10.2,48.41
100,2024-03-14,T002,1,1322,767.7,66.5,345,14.7,2.0,2.8,241.03
101,2024-01-15,T023,7,10577,581.9,73.3,334,18.0,2.7,10.3,145.64
102,2024-01-27,T029,6,9475,174.5,60.1,585,16.1,0.8,10.7,47.61
103,2024-05-20,T031,4,5626,616.9,71.8,488,25.8,0.2,20.2,171.5
104,2024-04-28,T022,6,8373,374.2,55.2,787,14.0,6.1,7.8,103.58
105,2024-02-29,T039,4,5667,991.9,57.7,427,29.1,1.0,14.5,301.89
106,2024-06-08,T011,4,4935,1087.5,62.4,759,37.4,4.7,8.7,289.54
107,2024-02-11,T032,5,6831,296.8,64.2,44,24.3,0.3,7.4,79.48
108,2024-05-28,T008,6,8840,602.3,86.7,47,37.4,2.5,14.5,153.19
109,2024-02-05,T005,7,9040,209.0,70.7,124,18.1,4.4,19.4,51.4
110,2024-04-13,T005,7,10503,265.9,69.2,250,27.4,3.8,14.0,69.01
111,2024-05-21,T036,3,3823,467.4,73.0,527,17.2,2.4,2.4,145.76
112,2024-06-11,T022,6,8368,622.1,66.7,641,28.5,1.5,15.6,161.63
113,2024-03-06,T027,3,4676,557.5,69.3,399,43.7,5.8,10.2,137.56
114,2024-06-17,T006,5,6445,531.9,50.4,188,0.9,0.4,13.8,141.45
115,2024-05-09,T023,5,7906,445.8,64.6,274,20.9,2.8,13.0,119.76
116,2024-02-21,T036,1,1402,470.6,58.0,0,28.3,5.9,16.6,123.48
117,2024-08-06,T021,4,5669,560.3,71.8,494,25.0,2.4,6.2,144.7
118,2024-02-21,T018,1,1276,60.0,75.4,401,33.1,2.3,5.3,15.88
119,2024-02-27,T021,5,7711,60.0,76.4,285,32.1,0.4,11.2,16.14
120,2024-01-08,T013,8,11557,560.9,74.8,345,19.1,2.1,19.2,163.55
121,2024-01-08,T010,7,10801,409.5,75.4,118,29.1,3.0,19.3,113.42
122,2024-08-19,T002,8,12986,650.6,61.8,439,28.5,1.0,10.7,153.43
123,2024-05-03,T025,4,5251,632.7,68.2,349,30.0,1.2,9.8,187.39
124,2024-05-28,T008,6,9641,344.1,75.5,0,19.7,4.6,13.9,87.46
125,2024-02-13,T013,8,10776,835.8,74.0,135,22.6,0.7,18.1,241.21
126,2024-04-17,T005,5,7385,476.6,56.5,619,30.1,3.8,15.5,136.23
127,2024-05-16,T036,3,3765,339.5,62.2,0,28.7,3.6,14.0,76.0
128,2024-08-19,T039,8,10664,336.1,98.6,275,25.0,3.3,7.9,105.94
129,2024-06-10,T030,4,5996,808.7,85.4,187,31.6,2.9,16.1,205.35
130,2024-07-01,T033,5,7048,658.8,59.7,813,33.8,0.5,15.5,184.16
131,2024-03-15,T039,9,14227,273.7,73.7,0,26.6,1.2,11.1,76.12
132,2024-04-02,T037,1,1316,593.0,66.2,385,21.8,10.2,6.0,159.04
133,2024-05-31,T030,7,9212,574.0,85.9,290,18.3,7.7,9.1,154.79
134,2024-04-16,T021,1,1565,458.1,72.8,478,11.5,5.2,8.8,124.48
135,2024-08-03,T019,6,8239,483.9,77.6,828,32.1,6.3,0.0,148.74
136,2024-08-25,T006,5,7722,325.5,69.6,314,23.0,5.5,18.7,87.85
137,2024-02-07,T010,1,1405,754.5,81.5,552,16.2,1.2,14.8,214.52
138,2024-01-28,T026,9,14759,366.7,62.9,0,19.9,2.4,19.2,97.11
139,2024-07-15,T011,6,7437,373.0,94.5,620,20.4,9.9,19.7,101.89
140,2024-07-30,T006,4,6067,431.2,60.5,455,40.5,0.3,5.6,116.47
141,2024-02-15,T016,5,7211,384.4,76.7,156,20.0,1.9,15.4,103.14
142,2024-05-13,T019,6,8838,335.2,73.6,378,11.0,0.5,13.0,89.13
143,2024-06-11,T034,4,4686,796.6,53.8,660,23.2,15.5,19.4,219.61
144,2024-01-16,T034,8,10091,635.3,65.9,544,35.0,2.9,18.1,163.5
145,2024-08-14,T014,5,7202,684.2,67.4,65,13.5,1.9,8.5,169.6
146,2024-03-18,T020,5,6849,366.8,82.1,473,24.3,3.3,12.9,113.81
147,2024-01-19,T014,5,6821,471.9,73.0,204,30.6,0.3,8.7,121.48
148,2024-02-10,T004,5,7521,1015.6,65.9,548,11.0,6.2,9.0,309.03
149,2024-02-17,T020,5,6101,896.0,58.6,322,16.1,0.7,9.2,248.89
150,2024-06-05,T004,4,5844,371.7,69.5,0,31.3,0.0,10.7,94.79
151,2024-01-27,T008,5,5931,60.0,65.2,919,13.7,3.6,0.0,17.33
152,2024-04-22,T008,8,10683,1120.8,76.5,304,17.8,3.8,10.8,292.46
153,2024-06-15,T039,9,12477,187.0,50.4,0,26.1,3.7,15.1,51.1
154,2024-04-12,T028,5,7217,717.3,68.8,127,6.8,0.5,7.7,195.14
155,2024-08-12,T012,5,6623,617.2,58.9,702,23.2,4.0,12.1,177.7
156,2024-01-28,T003,4,5682,543.9,71.6,297,23.0,3.4,0.7,141.18
157,2024-01-23,T024,7,10107,910.6,57.7,579,32.0,2.4,8.0,259.28
158,2024-06-04,T015,5,7117,503.5,78.9,0,13.9,4.2,12.3,136.22
159,2024-07-20,T018,3,4624,363.0,85.3,54,11.0,1.0,19.6,98.95
160,2024-05-11,T005,3,4226,485.4,70.2,534,11.1,0.6,6.6,126.76
161,2024-05-01,T037,5,7156,718.9,53.5,0,28.2,0.7,0.0,222.09
162,2024-03-26,T023,2,2606,383.4,70.0,231,8.2,3.5,16.5,96.37
163,2024-04-20,T034,1,1453,950.8,57.2,474,20.3,2.6,11.4,248.43
164,2024-03-04,T027,6,8823,541.6,75.7,252,26.2,1.3,9.9,134.08
165,2024-02-17,T032,2,3041,246.2,50.2,834,29.9,1.8,13.1,69.96
166,2024-08-06,T018,9,11440,604.0,74.0,348,12.9,1.1,17.8,155.6
167,2024-03-09,T013,7,10469,757.5,89.1,677,19.8,5.3,18.1,226.29
168,2024-06-11,T019,5,6737,561.6,77.6,471,26.8,0.4,16.0,153.77
169,2024-07-24,T004,4,5467,452.2,49.3,403,24.0,6.3,7.1,122.21
170,2024-07-12,T026,2,2555,313.2,82.0,301,21.9,1.0,0.0,83.78
171,2024-01-21,T019,8,9701,560.4,93.6,659,25.7,1.1,9.1,167.21
172,2024-05-31,T015,8,13880,408.0,71.7,0,18.4,4.0,9.5,108.34
173,2024-04-05,T022,5,7159,329.2,64.1,274,13.2,7.4,7.1,88.78
174,2024-05-22,T013,2,2529,621.3,80.9,377,27.7,0.6,17.4,167.01
175,2024-04-10,T033,4,5442,554.7,69.8,0,24.0,1.9,6.2,154.39
176,2024-08-27,T018,8,11823,228.3,91.5,194,31.5,5.2,10.0,67.26
177,2024-03-27,T034,7,9691,390.8,67.9,841,17.5,0.2,12.9,116.17
178,2024-02-23,T010,4,5562,693.5,74.1,370,29.3,1.2,10.3,193.03
179,2024-05-01,T026,3,4658,678.0,77.3,354,29.4,0.5,15.6,180.08
180,2024-07-04,T007,3,3684,531.2,74.1,410,22.2,2.0,20.9,141.06
181,2024-08-20,T029,5,6000,885.5,72.3,407,13.9,0.9,8.3,228.66
182,2024-05-17,T019,6,8030,867.2,58.0,562,29.1,1.4,10.6,241.18
183,2024-08-20,T026,4,6474,560.6,96.3,351,22.5,6.6,9.9,149.69
184,2024-05-20,T031,3,4069,649.5,52.8,465,40.2,0.3,3.8,173.19
185,2024-01-04,T029,6,8805,246.5,60.5,557,35.1,0.7,19.1,71.27
186,2024-03-26,T009,6,8865,60.0,66.1,467,35.1,1.2,12.4,14.46
187,2024-04-17,T013,5,7136,960.1,63.2,410,10.4,3.9,9.5,267.48
188,2024-07-11,T001,6,7680,671.0,73.3,496,39.8,2.9,2.6,182.93
189,2024-07-06,T007,5,7542,852.5,54.6,346,14.0,1.6,14.2,233.5
190,2024-08-06,T004,7,9420,500.4,82.8,536,32.5,2.9,9.1,133.54
191,2024-04-25,T023,5,7533,1055.6,64.2,383,34.9,0.9,6.9,287.07
192,2024-03-26,T004,8,11967,769.4,59.3,50,30.9,0.8,15.5,209.65
193,2024-04-27,T036,8,9500,570.3,93.6,445,27.8,3.5,8.6,149.63
194,2024-06-28,T025,6,7694,731.2,57.5,304,21.8,0.5,13.3,203.99
195,2024-06-10,T029,5,6648,619.9,75.7,237,18.3,3.2,23.3,148.67
196,2024-04-09,T032,7,9635,448.9,84.9,440,25.1,2.8,6.6,136.41
197,2024-06-16,T019,2,2559,509.4,74.2,407,32.4,1.5,21.0,147.5
198,2024-03-12,T007,6,8160,670.1,67.3,244,23.6,0.8,10.6,181.48
199,2024-01-05,T028,4,5470,725.0,93.8,185,20.5,1.9,11.0,203.0
200,2024-06-30,T007,3,4509,411.1,68.5,217,19.9,15.7,2.0,106.3
201,2024-01-17,T002,9,11886,894.3,58.7,0,17.4,2.6,8.0,223.63
202,2024-03-14,T038,6,8678,560.9,74.4,146,36.0,1.2,19.5,142.64
203,2024-08-12,T032,2,3074,182.0,69.4,419,37.3,4.6,16.3,48.27
204,2024-03-08,T007,5,6017,629.4,67.4,455,17.1,5.5,11.2,179.2
205,2024-01-15,T004,9,12069,500.9,90.8,672,30.5,0.4,6.2,141.29
206,2024-08-11,T033,4,5318,453.8,91.4,599,27.3,6.9,14.7,131.44
207,2024-06-22,T003,8,11866,896.6,69.8,195,25.2,3.1,16.6,220.24
208,2024-06-30,T037,8,11986,354.9,82.0,95,11.1,4.2,0.0,99.06
209,2024-05-18,T013,6,7016,368.3,66.1,710,13.9,0.7,16.9,97.84
210,2024-07-17,T003,7,10586,385.3,59.0,143,47.6,1.8,19.5,102.88
211,2024-06-01,T032,7,10198,838.8,61.2,158,29.1,0.3,10.3,233.44
212,2024-06-17,T005,7,10239,653.5,96.7,67,27.8,0.8,6.4,177.87
213,2024-05-30,T017,7,10261,555.4,76.5,0,16.1,5.3,1.3,169.59
214,2024-06-10,T009,4,5069,374.6,61.6,43,27.6,17.1,21.3,103.12
215,2024-08-12,T019,4,6364,662.6,78.4,0,21.1,11.6,12.3,196.12
216,2024-03-01,T029,6,8286,527.1,81.0,627,28.3,7.8,20.0,154.8
217,2024-01-29,T032,7,10173,756.1,69.3,756,21.9,0.5,14.0,191.92
218,2024-06-05,T019,5,7703,517.7,93.1,81,13.3,5.4,11.5,150.66
219,2024-02-18,T018,8,10577,656.3,64.4,52,19.0,1.8,10.9,185.7
220,2024-05-01,T031,7,8828,518.6,79.2,517,18.1,5.8,12.5,153.82
221,2024-06-21,T039,8,11878,851.4,57.2,676,15.2,1.2,9.9,254.7
222,2024-03-30,T036,6,9173,753.4,91.7,186,35.0,0.8,1.4,209.8
223,2024-08-09,T012,7,10688,832.7,70.0,79,28.5,2.3,11.6,264.54
224,2024-07-13,T038,4,6056,545.2,50.8,276,32.3,0.3,15.0,152.31
225,2024-08-11,T023,7,10452,408.4,51.6,285,31.5,7.0,10.8,116.48
226,2024-06-24,T006,3,4222,542.8,94.8,169,25.9,6.7,9.7,149.85
227,2024-05-23,T013,8,10481,660.9,57.6,522,34.7,0.2,15.8,195.05
228,2024-04-08,T003,7,10208,906.1,93.2,226,13.2,3.6,8.7,223.69
229,2024-02-28,T005,8,11782,871.4,71.2,186,33.5,1.9,19.0,252.06
230,2024-03-29,T010,9,12954,801.2,56.2,909,22.6,2.4,4.4,235.97
231,2024-06-04,T026,3,3955,638.5,73.8,541,10.1,0.2,18.7,170.19
232,2024-06-06,T017,7,10046,695.8,77.1,264,22.7,5.3,13.3,188.97
233,2024-06-11,T020,7,9072,829.7,67.8,134,7.9,4.4,4.5,228.95
234,2024-08-25,T011,5,7812,240.1,70.7,157,26.7,0.7,12.1,61.0
235,2024-07-10,T008,5,7545,299.3,74.4,421,20.1,7.1,10.3,90.64
236,2024-07-08,T005,9,12388,272.3,70.1,608,23.7,5.0,13.1,69.21
237,2024-01-22,T013,7,8100,291.4,72.2,261,40.8,3.3,9.6,86.08
238,2024-08-14,T018,6,7924,60.0,72.5,686,24.8,8.1,22.4,16.83
239,2024-03-12,T025,4,6080,471.7,45.0,286,25.7,3.4,17.0,124.65
240,2024-01-06,T014,5,7484,878.2,100.0,916,36.0,3.9,15.2,244.28
241,2024-07-23,T017,5,6232,462.4,81.9,343,18.8,9.6,7.6,101.9
242,2024-08-04,T016,8,11933,546.3,69.9,501,22.3,4.5,23.1,152.49
243,2024-05-22,T009,9,12432,319.9,80.7,236,29.2,1.0,16.5,77.2
244,2024-08-24,T014,6,8649,621.8,73.2,189,14.7,3.3,15.6,170.29
245,2024-02-25,T006,3,3784,864.2,69.0,232,10.6,1.6,8.1,262.66
246,2024-01-06,T019,4,5270,885.2,45.7,373,22.0,2.4,15.9,268.99
247,2024-08-15,T019,3,3730,344.1,62.2,37,20.3,10.6,5.1,86.76
248,2024-08-03,T014,7,9606,707.8,65.3,132,22.4,8.0,20.9,188.39
249,2024-08-02,T031,8,10437,286.1,70.3,113,25.2,3.7,12.5,79.34
250,2024-07-31,T033,6,7934,821.9,50.3,693,20.7,1.0,11.2,222.67
251,2024-05-28,T028,6,9116,885.4,80.0,372,22.6,6.1,10.2,230.96
252,2024-04-11,T029,6,8295,737.6,83.9,429,27.5,6.2,10.1,220.83
253,2024-05-04,T028,5,7235,487.9,73.6,274,11.8,3.8,10.6,122.14
254,2024-06-30,T021,5,7099,561.7,57.8,399,20.5,9.8,18.2,149.84
255,2024-03-12,T015,5,7542,434.5,74.3,462,19.9,2.6,12.2,111.5
256,2024-07-10,T018,7,9587,640.9,72.9,0,32.3,1.1,20.1,174.49
257,2024-02-13,T024,2,3093,456.5,59.2,0,33.3,0.3,19.7,112.14
258,2024-07-05,T016,3,4107,744.0,72.2,0,26.8,10.9,10.5,206.75
259,2024-02-26,T016,8,10820,597.2,91.5,224,21.6,7.2,13.6,174.67
260,2024-08-25,T004,6,9411,428.8,51.3,440,22.8,8.6,13.2,123.45
261,2024-02-12,T017,3,4571,373.7,75.3,425,15.4,1.9,11.0,110.73
262,2024-08-21,T003,1,1158,382.7,70.7,0,25.5,2.3,5.7,107.43
263,2024-08-25,T030,8,12750,385.3,77.9,260,22.9,0.2,16.4,103.0
264,2024-01-18,T035,6,8096,511.7,51.2,723,24.3,1.3,14.7,143.06
265,2024-01-07,T012,3,4032,285.2,67.5,295,25.1,1.4,9.0,68.5
266,2024-03-11,T037,5,8100,925.4,64.2,191,28.2,3.2,10.4,256.27
267,2024-05-09,T022,5,6971,786.4,84.9,205,13.6,1.5,4.6,220.83
268,2024-03-19,T020,7,10150,447.2,62.6,682,14.4,0.3,17.4,134.7
269,2024-07-03,T021,5,7609,384.1,53.6,0,29.7,7.6,0.7,107.06
270,2024-04-28,T021,4,5213,702.6,82.8,462,33.5,3.6,4.9,208.14
271,2024-02-29,T030,3,4073,438.3,70.1,451,33.9,1.2,19.9,117.43
272,2024-07-03,T020,4,5636,892.6,86.3,469,23.5,6.0,19.4,268.3
273,2024-06-03,T002,6,8585,949.3,62.7,350,25.6,1.7,7.2,263.38
274,2024-07-16,T036,2,3039,762.4,53.5,476,22.1,10.3,12.9,199.16
275,2024-08-18,T031,6,8239,60.0,80.2,271,13.2,1.4,17.5,14.81
276,2024-04-19,T023,8,11542,280.8,66.8,0,17.6,0.3,10.9,79.85
277,2024-05-06,T001,9,11486,770.2,76.1,115,25.7,4.7,5.8,227.12
278,2024-01-04,T019,7,10972,137.6,84.5,437,21.6,13.2,10.6,36.2
279,2024-02-12,T013,4,5735,1021.2,79.9,32,39.8,1.2,11.9,250.24
280,2024-03-05,T035,6,9262,820.6,65.8,891,28.8,3.3,6.5,227.86
281,2024-02-15,T024,4,6025,597.0,74.4,474,16.2,3.2,3.3,167.34
282,2024-08-22,T026,5,7804,361.1,75.7,342,17.5,2.0,25.3,84.64
283,2024-01-07,T022,5,6739,351.4,60.0,366,20.8,0.7,16.4,94.79
284,2024-05-11,T026,4,5448,406.9,75.3,0,31.0,0.6,22.2,112.16
285,2024-01-31,T004,6,10074,85.3,54.8,352,32.2,9.9,8.1,20.58
286,2024-07-17,T001,4,4924,615.6,45.0,104,28.2,1.7,19.7,151.85
287,2024-04-26,T015,5,7027,221.8,76.4,406,20.6,2.3,14.8,56.12
288,2024-04-07,T029,5,7415,512.5,78.7,253,21.6,0.1,4.9,134.36
289,2024-05-29,T032,6,8868,408.2,45.9,535,27.4,1.1,8.2,112.73
290,2024-02-07,T013,4,5283,517.4,72.6,242,25.6,0.9,12.0,133.0
291,2024-03-11,T015,7,10245,723.3,48.5,208,14.7,2.4,25.5,210.44
292,2024-03-18,T036,6,8467,297.3,62.5,375,15.1,2.7,22.6,79.88
293,2024-08-12,T004,6,8692,769.5,55.3,208,29.0,3.2,18.2,210.53
294,2024-08-26,T013,4,5010,443.4,66.0,498,11.8,15.3,1.8,120.03
295,2024-03-22,T012,4,6463,582.2,76.1,420,25.3,0.6,9.8,143.83
296,2024-03-17,T023,4,5752,659.3,78.1,757,15.7,2.1,10.9,164.05
297,2024-03-27,T023,7,9811,359.4,58.7,493,15.5,0.3,7.7,100.69
298,2024-05-14,T020,3,4597,855.1,72.7,0,22.6,1.5,5.6,224.54
299,2024-02-27,T006,5,7170,385.5,63.9,378,16.9,1.2,10.0,104.38
300,2024-06-25,T034,6,9027,808.6,75.8,398,13.8,1.3,13.7,205.62
301,2024-02-03,T025,9,14191,251.0,72.9,26,18.4,2.0,6.5,76.08
302,2024-05-16,T026,9,11102,772.2,60.3,601,26.7,1.2,10.6,209.12
303,2024-05-20,T036,9,12663,346.0,62.6,620,13.2,15.0,9.5,101.92
304,2024-07-24,T026,7,10338,457.5,86.3,573,13.0,2.8,14.1,112.66
305,2024-04-27,T020,4,5843,380.8,79.2,191,22.1,5.6,16.5,90.9
306,2024-08-04,T016,4,5518,274.9,75.1,403,30.3,7.8,9.4,74.53
307,2024-05-31,T018,6,8662,61.0,73.9,903,21.1,6.5,7.6,17.26
308,2024-07-02,T039,7,10284,594.5,84.4,568,14.9,8.3,16.9,182.27
309,2024-08-17,T007,3,4072,790.4,79.2,137,43.9,2.5,13.6,213.6
310,2024-04-25,T035,6,8996,829.5,76.3,502,22.2,8.7,6.4,252.45
311,2024-01-08,T015,7,9105,453.3,72.3,283,23.5,1.8,13.3,109.57
312,2024-07-17,T029,4,5489,60.0,84.9,314,5.8,2.1,24.8,17.45
313,2024-06-19,T017,6,8723,761.5,66.3,520,17.6,7.9,27.9,202.07
314,2024-03-26,T022,4,5875,557.0,60.1,304,6.6,1.9,13.1,164.27
315,2024-04-14,T036,7,9178,206.5,70.9,144,31.0,6.8,18.7,57.78
316,2024-06-30,T030,5,7901,585.2,75.0,0,26.3,1.7,8.6,152.13
317,2024-05-07,T020,3,3934,228.3,64.1,0,31.4,9.4,10.2,55.71
318,2024-04-07,T001,3,3745,411.7,67.4,422,16.9,0.3,13.9,120.4
319,2024-06-13,T001,5,7257,535.1,64.3,127,17.2,2.0,3.2,137.29
320,2024-05-26,T002,4,5284,523.6,81.5,675,25.3,0.4,4.8,122.37
321,2024-01-23,T023,5,7291,490.5,76.8,212,34.5,1.7,8.6,127.62
322,2024-02-03,T033,6,8920,276.2,55.2,680,26.4,6.7,5.5,72.0
323,2024-03-14,T012,9,13581,418.2,70.2,0,19.8,0.5,15.0,118.38
324,2024-08-02,T022,6,7904,675.7,63.6,290,25.7,0.9,3.6,172.66
325,2024-02-26,T002,3,3948,755.1,74.1,110,37.2,1.1,15.8,181.4
326,2024-03-14,T017,5,6722,651.1,87.9,186,27.0,5.4,11.2,183.53
327,2024-01-09,T013,5,6057,336.8,70.3,546,26.4,2.4,11.4,83.83
328,2024-02-11,T019,9,12986,754.7,85.8,295,33.5,11.3,8.7,228.05
329,2024-05-23,T024,5,7646,394.8,65.3,834,18.1,4.0,19.7,108.03
330,2024-02-12,T026,4,5143,886.3,61.4,0,24.5,4.9,17.7,210.76
331,2024-01-26,T021,7,8817,787.3,77.7,169,36.1,5.9,16.0,216.79
332,2024-06-10,T006,3,4070,745.7,74.9,13,13.2,7.6,14.3,190.62
333,2024-03-09,T011,7,9410,670.3,73.9,0,29.4,4.9,15.0,181.85
334,2024-04-28,T014,7,9001,549.0,73.5,305,23.4,0.2,20.2,145.28
335,2024-03-25,T022,6,8973,648.4,70.2,0,11.3,0.6,8.0,181.69
336,2024-04-21,T008,4,6331,524.8,81.0,504,22.0,1.4,17.2,150.79
337,2024-07-07,T022,7,9607,460.5,70.7,776,43.1,1.1,14.3,110.59
338,2024-07-02,T028,4,5433,526.3,73.4,181,33.4,1.2,10.7,135.55
339,2024-02-04,T018,3,3773,340.5,74.6,268,26.2,4.8,18.1,86.91
340,2024-08-16,T030,9,12400,265.9,82.5,342,31.4,1.1,25.2,74.82
341,2024-05-02,T012,6,8778,542.6,84.8,269,21.8,5.5,11.5,148.34
342,2024-05-20,T005,7,9003,269.5,71.0,652,16.3,1.4,22.1,74.38
343,2024-07-16,T001,7,8840,448.3,86.0,301,27.2,1.5,14.6,112.82
344,2024-06-30,T028,5,7110,611.8,78.7,306,16.7,4.8,4.7,162.24
345,2024-06-14,T015,5,6546,280.3,86.5,226,32.4,0.8,10.9,74.29
346,2024-01-04,T029,3,4894,685.0,70.3,269,13.8,1.8,11.4,178.97
347,2024-06-11,T039,7,8445,505.3,75.5,259,37.3,1.5,12.3,140.66
348,2024-06-25,T026,8,11543,763.1,45.0,221,17.9,3.2,11.8,213.86
349,2024-06-07,T023,4,6052,60.0,77.3,599,14.8,2.9,14.5,15.77
350,2024-07-12,T005,5,6846,487.5,52.4,267,34.7,2.9,6.2,139.08
351,2024-02-18,T009,5,6228,679.4,78.2,0,26.0,3.4,6.6,161.57
352,2024-02-26,T001,5,7975,545.9,69.6,0,26.6,6.9,11.2,161.45
353,2024-06-18,T021,3,3360,813.4,93.9,290,12.3,1.7,8.1,240.55
354,2024-01-19,T019,7,11374,552.3,95.1,437,17.7,8.1,16.1,154.37
355,2024-05-31,T014,4,5405,605.0,75.7,436,23.5,2.9,10.9,170.12
356,2024-05-27,T001,7,9138,429.4,66.3,232,33.7,0.3,12.3,127.0
357,2024-06-25,T029,5,6066,646.6,60.3,276,28.3,5.1,2.6,164.44
358,2024-03-22,T005,9,12716,723.1,65.5,159,21.6,0.5,9.4,199.58
359,2024-05-14,T031,1,1339,307.4,71.2,440,40.7,16.4,2.9,79.49
360,2024-08-10,T039,5,7232,653.2,78.1,242,12.1,0.6,10.7,160.8
361,2024-01-07,T013,3,4166,345.6,66.9,8,16.2,1.8,16.2,92.43
362,2024-07-05,T035,4,5935,417.8,72.5,0,28.0,7.5,14.3,109.54
363,2024-08-19,T035,4,5958,476.4,58.8,307,26.1,16.5,13.8,152.36
364,2024-07-20,T033,3,3503,144.1,62.3,487,38.2,2.4,14.3,37.58
365,2024-08-24,T002,5,7247,93.9,67.1,0,20.0,3.9,6.8,24.86
366,2024-03-24,T025,4,5693,519.4,81.7,195,29.7,0.4,8.7,146.11
367,2024-03-04,T010,5,6040,323.4,100.0,0,14.3,9.7,17.2,84.91
368,2024-05-27,T024,3,4482,643.0,83.0,318,21.6,6.9,6.1,178.43
369,2024-02-17,T031,7,9882,573.3,55.5,0,27.7,4.2,19.9,139.13
370,2024-04-11,T002,8,12496,328.2,65.5,332,32.7,4.8,9.3,87.19
371,2024-01-02,T034,7,9641,749.0,63.0,360,23.5,2.6,13.4,201.15
372,2024-08-24,T026,4,5980,437.6,68.1,377,32.0,8.9,13.6,96.56
373,2024-05-28,T002,7,10207,187.1,75.7,0,22.3,1.7,19.1,49.02
374,2024-06-02,T010,3,4281,413.2,73.5,193,24.8,6.8,8.4,98.01
375,2024-03-31,T024,5,7351,410.0,83.8,632,26.6,1.3,16.0,115.11
376,2024-03-13,T027,6,8704,802.4,87.5,486,30.8,0.2,15.1,228.07
377,2024-04-21,T020,3,4483,582.9,61.9,488,23.7,9.9,2.4,152.71
378,2024-02-04,T024,7,9832,309.3,64.9,235,30.9,5.6,22.1,74.22
379,2024-08-14,T013,4,4824,610.9,69.4,444,29.5,0.7,13.6,168.47
380,2024-06-12,T032,3,4533,314.2,69.9,121,20.7,0.6,14.1,82.97
381,2024-06-29,T036,5,7684,976.5,86.2,636,12.9,0.2,16.6,277.37
382,2024-06-07,T009,2,2744,444.0,66.4,262,21.3,1.0,15.4,122.48
383,2024-05-11,T012,2,2797,349.1,70.6,122,29.1,2.6,4.0,93.69
384,2024-01-29,T014,3,3859,749.8,67.3,0,22.7,0.2,13.1,204.97
385,2024-01-20,T025,9,11681,490.7,79.5,672,24.6,3.0,11.2,136.67
386,2024-08-05,T030,5,6550,60.0,78.4,418,34.1,6.2,17.3,14.84
387,2024-03-09,T010,4,5971,216.7,69.6,197,25.1,2.6,12.1,61.37
388,2024-02-12,T012,9,10911,923.0,63.2,182,17.0,2.8,18.9,261.79
389,2024-03-12,T019,3,4999,521.9,91.9,203,37.3,1.1,9.5,150.49
390,2024-01-12,T008,7,8670,784.2,79.2,251,19.2,2.7,23.7,204.19
391,2024-05-23,T013,5,7328,389.4,93.0,252,22.1,0.9,27.8,99.93
392,2024-03-10,T014,6,8481,642.5,59.1,381,17.6,3.9,10.5,179.83
393,2024-01-09,T015,8,11075,313.9,87.9,0,19.6,1.5,22.2,77.13
394,2024-05-08,T027,6,7713,443.0,74.2,0,27.2,0.2,18.1,111.81
395,2024-06-08,T002,5,7663,325.2,75.0,552,23.4,2.9,12.4,97.45
396,2024-05-10,T012,4,5932,529.8,75.3,28,27.1,1.3,11.4,140.01
397,2024-07-06,T031,2,2814,398.1,76.6,316,26.3,6.8,15.2,106.91
398,2024-04-30,T032,4,5101,810.7,67.7,462,18.0,4.1,13.2,242.23
399,2024-04-12,T013,7,9999,336.6,72.8,627,32.2,1.2,15.3,92.43
400,2024-06-20,T009,6,8502,650.6,68.7,227,32.9,6.5,7.5,147.58
401,2024-07-15,T016,3,4246,486.4,62.8,387,23.1,1.8,3.7,116.3
402,2024-06-06,T019,4,6086,756.5,73.0,185,29.4,5.2,12.8,233.44
403,2024-06-01,T004,6,8160,243.7,80.0,96,21.0,0.3,16.0,62.72
404,2024-06-19,T036,4,5175,515.6,68.0,395,14.6,2.7,16.4,137.39
405,2024-04-10,T006,6,9073,485.8,60.4,490,21.8,0.8,19.6,121.53
406,2024-05-21,T036,7,9496,593.1,84.1,670,21.0,0.5,12.9,173.82
407,2024-04-09,T030,4,5310,201.2,75.0,750,22.4,10.8,6.7,59.45
408,2024-03-15,T028,4,5485,606.5,72.6,30,42.7,11.7,10.6,186.87
409,2024-06-29,T039,4,5777,579.1,59.4,142,13.1,2.7,7.7,154.93
410,2024-04-10,T021,4,5676,796.6,100.0,634,20.4,1.5,9.0,217.95
411,2024-05-14,T030,7,10256,428.8,77.3,150,33.6,11.1,15.7,115.68
412,2024-03-05,T018,5,7316,427.0,81.0,306,18.5,11.8,13.5,105.69
413,2024-07-28,T028,5,6585,307.3,86.5,184,20.5,1.8,14.3,78.25
414,2024-08-13,T007,4,5824,459.6,61.2,425,34.7,9.7,0.8,119.28
415,2024-08-21,T020,5,6249,222.0,58.6,512,29.8,2.8,6.7,56.29
416,2024-06-21,T025,5,7039,488.5,85.2,0,36.3,7.2,18.7,126.17
417,2024-01-30,T022,6,9364,212.0,79.0,298,24.7,3.6,7.6,56.78
418,2024-07-06,T033,5,7279,795.7,81.5,592,26.6,8.1,3.7,219.83
419,2024-04-07,T009,5,6372,588.0,64.1,291,16.5,6.1,18.7,131.54
420,2024-02-18,T038,6,10534,589.4,71.5,600,16.7,1.7,18.8,151.84
421,2024-07-04,T021,6,7921,823.3,70.4,158,39.4,1.5,8.1,225.69
422,2024-06-25,T025,6,9552,532.2,63.5,480,22.6,1.3,3.8,136.69
423,2024-06-07,T038,5,7722,448.1,72.7,421,19.6,3.4,12.1,126.77
424,2024-08-24,T013,5,6986,473.7,45.0,0,9.4,0.7,18.3,131.59
425,2024-05-19,T037,7,9660,718.3,66.4,357,21.9,4.0,2.3,209.23
426,2024-02-06,T022,5,6578,755.6,47.1,344,33.0,4.6,10.9,203.35
427,2024-01-20,T016,3,3852,524.3,70.3,244,21.6,0.9,18.3,122.09
428,2024-03-29,T039,6,9555,583.6,57.9,295,28.9,5.1,2.7,164.56
429,2024-05-27,T005,6,8338,671.6,60.2,562,15.2,0.6,15.4,167.96
430,2024-06-20,T034,5,6635,552.4,60.9,540,29.6,11.8,14.1,159.68
431,2024-02-14,T027,7,10838,753.5,72.4,551,24.6,0.5,5.9,231.32
432,2024-03-04,T019,5,5922,589.2,68.7,314,16.0,2.0,16.7,163.3
433,2024-02-24,T025,6,7569,616.4,73.1,283,27.9,1.3,1.6,164.51
434,2024-03-28,T016,8,11898,200.9,80.9,696,28.6,4.5,11.8,58.0
435,2024-05-03,T019,5,6571,637.9,67.9,162,24.0,0.3,18.6,188.99
436,2024-03-10,T037,6,6800,687.5,82.3,558,22.6,1.4,0.0,170.57
437,2024-04-19,T029,7,9635,842.9,92.1,120,27.9,0.5,9.1,233.96
438,2024-06-02,T039,6,8500,213.2,83.9,394,26.0,2.1,8.3,56.1
439,2024-08-05,T013,5,7792,185.1,77.2,505,19.3,1.2,9.9,52.68
440,2024-06-25,T021,2,3103,825.4,80.7,365,30.1,5.8,9.6,218.03
441,2024-03-28,T025,6,6676,593.7,67.1,0,34.6,0.8,13.0,166.66
442,2024-06-18,T039,8,11018,539.1,98.8,128,19.4,4.5,3.0,140.7
443,2024-07-16,T003,5,6535,311.3,55.8,272,7.7,2.2,3.7,96.97
444,2024-03-11,T038,6,8070,706.7,66.7,655,18.8,0.3,17.9,200.66
445,2024-05-08,T030,7,8705,788.9,78.2,951,28.6,5.6,9.8,217.5
446,2024-03-21,T039,8,10133,389.9,67.6,677,16.1,2.6,6.0,114.1
447,2024-05-01,T002,8,10868,703.0,62.5,165,23.8,2.3,0.0,183.5
448,2024-06-15,T009,6,7807,165.0,83.2,405,26.5,0.1,14.9,47.57
449,2024-03-12,T033,5,7598,459.5,87.0,595,15.0,5.8,10.9,138.26
450,2024-08-18,T010,2,2487,638.1,86.7,304,16.0,0.7,6.1,161.67
451,2024-06-17,T029,7,11974,671.1,73.2,0,34.0,0.7,14.5,173.72
452,2024-01-01,T039,9,13781,181.9,74.3,623,10.1,0.5,6.4,50.01
453,2024-01-15,T028,5,7073,315.9,69.7,0,34.9,5.4,10.2,73.82
454,2024-02-28,T005,8,11692,522.9,80.8,364,34.0,6.4,14.4,146.22
455,2024-04-03,T002,3,4191,749.6,77.6,302,13.7,0.4,2.4,203.12
456,2024-05-27,T021,9,13324,890.3,83.4,231,24.6,2.1,0.2,257.78
457,2024-04-12,T017,7,11157,303.9,55.0,703,27.6,6.7,10.0,79.72
458,2024-02-16,T013,3,3769,368.2,91.4,224,14.0,1.3,4.8,94.53
459,2024-06-30,T028,6,7822,790.4,73.7,882,34.1,5.6,11.5,210.65
460,2024-04-13,T018,3,3943,694.5,77.0,439,3.2,15.2,8.8,180.41
461,2024-06-23,T011,7,10695,535.9,75.6,413,26.4,8.4,10.3,161.88
462,2024-01-04,T012,7,9019,718.3,57.2,360,23.4,0.2,8.1,194.47
463,2024-05-05,T022,7,8396,522.7,69.7,250,18.7,9.6,16.5,136.48
464,2024-03-24,T016,3,4775,198.9,47.8,374,22.3,4.7,18.2,51.66
465,2024-08-21,T038,7,10068,405.1,53.8,36,27.1,2.8,7.0,112.41
466,2024-03-13,T034,8,11205,439.4,65.3,629,17.1,9.1,14.9,105.58
467,2024-01-10,T039,5,7101,428.1,63.8,655,28.9,0.0,0.0,108.2
468,2024-05-10,T009,4,6015,214.3,67.4,485,22.2,5.5,8.1,61.58
469,2024-07-09,T009,4,6388,449.1,81.1,15,32.9,10.0,11.2,121.48
470,2024-05-28,T025,5,7085,669.7,67.3,429,34.1,1.4,10.8,165.91
471,2024-04-03,T016,4,5961,671.8,85.1,522,26.2,0.1,6.0,174.45
472,2024-04-08,T023,4,4607,562.5,55.8,353,39.2,3.3,18.1,155.98
473,2024-06-08,T015,2,2719,423.5,50.3,400,37.0,2.4,11.3,111.27
474,2024-08-16,T029,3,4486,448.4,91.4,195,22.6,0.8,16.6,125.32
475,2024-03-08,T009,6,8244,510.5,62.6,389,13.6,5.6,11.5,146.26
476,2024-01-30,T039,7,10993,298.6,73.6,230,30.7,2.8,13.6,77.52
477,2024-03-23,T033,4,5171,792.9,47.9,373,16.6,5.3,18.0,196.02
478,2024-08-11,T006,4,6135,399.8,62.8,281,24.8,2.4,13.9,95.5
479,2024-03-08,T029,1,1068,494.6,66.8,192,30.4,6.6,16.8,134.96
480,2024-06-13,T015,4,5355,530.5,65.2,0,34.0,2.4,9.0,129.65
481,2024-02-09,T006,6,7782,635.3,67.2,163,23.2,0.0,15.7,165.23
482,2024-03-13,T031,4,5356,631.5,91.4,556,46.1,0.7,2.7,147.75
483,2024-08-22,T022,3,4732,758.1,67.7,659,33.3,0.3,7.0,197.06
484,2024-05-07,T005,6,8116,433.8,72.9,608,26.2,10.5,13.5,123.8
485,2024-01-12,T005,6,8804,397.0,82.7,399,13.7,13.6,19.9,118.86
486,2024-04-19,T036,8,10128,472.5,69.9,807,15.2,2.3,10.2,136.58
487,2024-05-27,T038,4,5790,433.6,78.7,5,13.4,6.7,9.4,126.74
488,2024-01-31,T027,6,7660,570.6,87.5,358,16.5,0.5,0.8,147.71
489,2024-04-26,T027,5,7184,463.2,78.1,187,26.4,4.9,10.6,116.11
490,2024-06-13,T002,1,1572,469.3,85.2,710,25.8,0.5,6.9,122.97
491,2024-05-20,T019,8,12420,522.2,75.3,640,12.2,9.0,16.8,147.78
492,2024-05-14,T031,2,2894,666.5,80.1,792,10.3,1.0,4.8,173.57
493,2024-03-30,T004,2,2710,808.0,49.6,453,16.9,4.7,15.8,188.71
494,2024-02-20,T004,9,12737,673.5,68.7,27,27.0,2.9,14.1,197.37
495,2024-08-06,T033,8,10129,603.8,62.2,430,4.8,1.2,20.4,176.3
496,2024-08-26,T003,3,4014,148.4,80.6,292,12.9,1.9,3.3,42.57
497,2024-04-11,T039,8,10488,588.9,97.1,341,8.1,0.6,8.0,138.48
498,2024-08-11,T013,4,6458,623.3,70.6,373,10.8,3.4,5.8,161.39
499,2024-06-28,T004,6,7625,653.7,83.9,0,26.0,6.9,6.6,159.96
500,2024-08-21,T009,5,6909,581.2,61.9,680,34.9,3.2,22.8,158.78
501,2024-05-06,T021,5,6856,520.2,83.7,519,15.2,2.0,1.7,142.23
502,2024-08-21,T029,7,9377,545.9,92.8,106,41.7,2.4,8.4,134.74
503,2024-03-26,T026,3,4588,179.1,84.0,231,31.6,0.4,6.5,49.0
504,2024-02-02,T010,4,4987,473.8,62.8,696,31.6,4.9,19.1,118.08
505,2024-07-26,T018,6,9293,501.8,66.3,643,30.1,1.5,6.8,133.79
506,2024-04-04,T033,6,8816,572.5,53.0,548,19.5,4.1,11.8,155.53
507,2024-01-03,T035,8,10049,440.9,60.9,293,19.8,3.0,12.5,126.04
508,2024-03-17,T016,5,6801,351.8,61.7,429,39.8,6.0,10.9,99.93
509,2024-07-11,T017,5,6894,627.0,77.6,529,20.1,1.5,17.0,171.16
510,2024-07-31,T002,5,7653,636.3,72.1,432,24.3,1.4,16.5,172.42
511,2024-03-07,T007,8,13215,897.4,62.7,217,35.7,3.4,16.8,244.1
512,2024-01-03,T036,3,4376,490.8,68.6,470,19.5,0.1,13.8,145.41
513,2024-08-18,T019,9,13043,549.5,70.9,266,21.5,0.3,2.7,156.85
514,2024-03-17,T019,7,9889,382.4,68.1,807,20.0,12.8,14.9,96.53
515,2024-04-04,T006,7,12160,875.0,77.8,117,26.2,18.3,10.0,203.12
516,2024-04-25,T002,8,10986,739.3,94.5,530,24.8,3.3,14.8,214.8
517,2024-02-26,T007,3,4431,464.4,72.4,804,16.0,1.6,17.0,129.63
518,2024-06-11,T013,6,8907,216.0,59.9,90,32.6,2.8,10.2,60.04
519,2024-05-04,T033,9,11583,328.4,80.7,462,22.7,1.0,6.5,87.14
520,2024-04-06,T039,6,8927,182.8,91.0,197,33.1,11.5,11.1,45.36
521,2024-01-25,T032,6,8233,401.8,58.7,503,4.3,1.1,7.2,109.15
522,2024-07-02,T013,8,11488,516.4,83.8,517,23.7,2.2,0.6,132.38
523,2024-04-14,T031,3,4467,218.5,73.1,593,40.4,2.0,15.5,58.44
524,2024-06-14,T026,9,10549,643.3,52.7,118,15.3,2.8,10.1,188.99
525,2024-02-04,T028,3,3426,323.3,80.4,540,19.1,1.5,11.8,87.87
526,2024-04-01,T016,5,7531,531.6,62.9,440,22.3,4.2,6.4,143.87
527,2024-05-27,T017,7,9454,629.0,76.7,248,28.0,1.6,20.4,163.83
528,2024-05-06,T013,2,2884,431.5,81.1,416,20.9,0.6,5.4,126.64
529,2024-02-24,T019,6,8101,598.8,68.7,416,17.8,2.5,9.7,160.79
530,2024-08-08,T030,7,9913,492.7,59.2,0,27.7,5.6,19.3,120.54
531,2024-03-04,T010,7,9478,238.9,76.9,149,25.6,3.3,16.6,66.11
532,2024-06-27,T004,8,10127,756.2,69.5,132,26.2,0.2,8.2,215.62
533,2024-08-15,T035,1,1542,383.2,83.3,110,18.7,1.6,7.3,111.04
534,2024-04-24,T034,4,6008,544.4,87.8,10,20.5,6.3,10.3,140.82
535,2024-04-20,T038,6,8293,495.0,70.3,308,24.3,6.5,12.5,118.76
536,2024-07-14,T005,9,11370,681.6,47.1,291,41.2,2.3,2.7,188.54
537,2024-05-04,T023,6,7170,900.9,86.8,195,28.0,2.4,13.8,233.49
538,2024-03-10,T010,4,5125,384.9,59.0,395,28.7,2.1,10.5,103.27
539,2024-02-21,T026,3,4494,512.0,72.0,742,16.2,1.3,22.4,144.38
540,2024-05-23,T025,5,6907,409.3,100.0,551,15.5,6.3,27.8,110.16
541,2024-01-09,T029,2,2908,370.4,56.6,718,27.9,1.5,10.6,92.67
542,2024-05-11,T032,4,5779,850.2,88.2,233,19.0,1.9,0.0,222.39
543,2024-05-26,T035,3,4461,256.1,67.8,277,18.6,18.8,5.0,66.8
544,2024-07-07,T010,4,5720,252.0,77.7,723,29.1,4.6,22.8,65.53
545,2024-03-30,T017,4,5410,374.0,72.5,271,25.0,3.3,0.0,89.55
546,2024-02-11,T034,7,8025,446.8,80.4,974,22.2,6.4,3.6,123.91
547,2024-02-01,T005,8,12185,413.7,88.8,58,23.1,6.3,9.2,121.56
548,2024-05-01,T036,8,11053,628.1,57.3,706,36.4,1.7,17.3,202.04
549,2024-06-24,T010,1,1412,503.5,67.6,551,33.0,2.3,13.7,138.25
550,2024-02-19,T036,7,10309,796.2,63.8,555,16.4,0.2,16.2,210.77
551,2024-01-19,T016,6,6334,481.0,73.0,257,11.4,8.1,7.1,135.73
552,2024-03-31,T039,4,5237,601.2,79.7,79,28.1,9.4,22.7,154.09
553,2024-06-18,T004,5,7542,477.4,74.6,672,22.9,13.8,4.1,139.08
554,2024-04-17,T008,9,12105,774.3,64.7,98,26.0,0.2,1.2,207.8
555,2024-08-04,T016,5,6201,542.8,89.2,284,17.0,0.7,13.6,127.61
556,2024-07-25,T018,2,3078,386.3,50.8,785,13.7,4.3,12.4,109.3
557,2024-04-01,T022,4,5627,564.7,80.2,590,14.2,7.8,25.2,162.55
558,2024-06-18,T026,8,10748,767.6,46.5,429,21.3,0.7,16.3,224.1
559,2024-07-30,T014,7,10113,432.1,83.0,82,2.4,0.9,11.4,115.57
560,2024-07-30,T015,4,5200,915.7,78.6,115,32.8,0.5,13.2,261.2
561,2024-03-28,T013,3,4744,585.8,82.0,192,30.9,1.4,0.0,136.39
562,2024-02-14,T029,6,9807,615.1,69.3,0,22.5,1.5,6.4,162.73
563,2024-08-08,T027,4,4920,471.4,97.6,615,25.7,4.7,15.3,131.76
564,2024-02-29,T022,5,7580,277.0,51.3,319,15.8,2.7,9.4,80.75
565,2024-07-17,T026,9,12281,663.0,76.2,372,22.2,2.1,7.2,179.86
566,2024-04-01,T014,5,7618,736.4,84.4,498,15.5,2.9,22.0,213.13
567,2024-05-19,T029,6,7757,172.5,66.4,398,35.2,7.0,14.9,48.63
568,2024-04-16,T007,5,6421,381.7,71.1,500,20.2,1.3,8.9,100.28
569,2024-05-16,T020,4,5335,450.3,76.5,228,25.4,1.5,20.5,118.08
570,2024-03-28,T031,3,3587,497.1,80.4,486,23.7,4.0,18.3,129.2
571,2024-03-14,T020,3,3935,118.6,69.4,556,41.8,0.4,13.1,34.04
572,2024-01-03,T018,6,8263,427.3,83.7,66,15.2,0.1,16.1,103.62
573,2024-04-16,T003,6,8857,701.5,57.1,0,40.9,2.7,23.0,184.4
574,2024-01-01,T012,8,11857,645.8,70.2,106,31.7,2.0,11.7,179.86
575,2024-07-29,T006,5,7254,696.5,100.0,347,21.5,9.4,5.6,200.87
576,2024-02-19,T028,9,11573,170.0,66.7,355,19.2,9.8,11.0,40.22
577,2024-08-20,T010,8,11841,686.9,59.0,515,24.8,5.1,25.6,204.05
578,2024-05-26,T008,6,8251,728.7,84.7,584,36.1,1.0,18.7,212.61
579,2024-03-31,T008,6,9184,292.7,69.7,100,17.6,1.3,9.0,75.97
580,2024-07-22,T036,6,7746,352.4,67.1,485,15.4,2.7,8.2,99.02
581,2024-06-02,T022,6,7144,517.5,94.2,429,17.9,1.3,10.1,148.72
582,2024-08-09,T026,5,6248,512.8,70.6,315,21.4,13.4,7.3,151.22
583,2024-06-28,T020,3,4014,524.3,91.1,314,22.9,19.3,1.8,151.79
584,2024-01-14,T005,3,4310,878.8,54.2,567,25.3,1.5,10.4,222.78
585,2024-01-24,T022,4,5655,229.4,86.6,380,18.7,4.3,12.8,63.8
586,2024-03-17,T030,4,6212,127.0,69.7,291,26.0,4.2,12.0,32.7
587,2024-01-13,T017,5,8149,435.9,73.4,176,24.9,6.8,26.2,125.94
588,2024-02-15,T011,4,6575,707.6,79.8,291,27.1,0.0,7.0,179.15
589,2024-04-04,T031,6,7367,506.5,83.9,205,32.9,4.8,17.6,130.27
590,2024-07-14,T030,5,6964,335.3,63.0,384,22.7,9.7,15.2,97.57
591,2024-04-24,T014,8,12609,527.1,82.5,533,21.5,0.4,14.4,136.25
592,2024-08-11,T012,9,10799,527.2,85.6,449,26.5,3.6,5.2,149.04
593,2024-04-09,T039,7,9103,789.3,53.1,116,5.7,8.0,7.3,217.82
594,2024-07-01,T022,2,2812,441.3,81.1,532,12.5,1.7,13.9,122.02
595,2024-05-02,T009,6,8547,651.8,55.8,384,35.6,4.5,0.0,178.74
596,2024-04-02,T020,7,9164,753.0,55.4,164,30.2,2.4,16.4,207.22
597,2024-08-10,T014,7,10310,720.5,88.6,623,40.4,0.4,17.8,183.19
598,2024-08-11,T037,7,10284,1067.5,58.4,267,26.5,10.5,9.2,301.79
599,2024-05-08,T013,6,8351,885.9,84.2,62,21.9,3.1,13.2,247.84
600,2024-03-02,T007,4,5177,530.5,45.0,464,37.7,4.0,15.9,119.92
601,2024-06-24,T009,5,6816,540.1,88.0,367,19.5,1.5,12.3,150.85
602,2024-05-25,T032,4,5299,636.0,73.2,0,10.8,2.8,10.6,174.73
603,2024-06-13,T022,7,10207,916.8,84.3,563,29.3,2.3,16.7,278.64
604,2024-04-27,T005,5,6957,330.8,82.4,324,24.7,5.9,20.1,86.91
605,2024-06-15,T023,5,6590,441.0,80.8,117,24.3,3.1,16.1,106.72
606,2024-02-17,T024,6,8417,738.1,81.0,424,27.6,2.1,11.4,217.61
607,2024-05-27,T017,7,8951,554.5,75.4,722,13.8,2.6,18.9,162.72
608,2024-04-15,T005,3,4808,523.0,77.6,487,27.9,6.8,5.2,143.11
609,2024-05-04,T005,3,3845,550.6,69.7,477,23.9,1.3,2.9,141.5
610,2024-04-18,T036,7,9359,378.5,80.4,192,23.1,2.2,12.1,97.69
611,2024-07-27,T034,6,8328,288.7,100.0,0,23.5,0.9,19.3,84.13
612,2024-06-24,T003,1,1423,755.4,58.3,269,27.5,1.9,13.2,186.1
613,2024-06-09,T013,2,2884,452.5,78.8,653,5.3,1.4,16.3,132.6
614,2024-06-19,T012,1,1489,443.8,74.8,258,20.3,3.9,14.4,113.66
615,2024-08-23,T013,6,9257,400.4,55.9,294,26.0,7.1,1.7,108.57
616,2024-04-20,T029,4,6085,406.7,66.5,434,27.6,4.7,0.0,115.93
617,2024-05-07,T019,3,3813,353.7,74.7,0,15.1,5.1,21.2,85.82
618,2024-01-17,T036,5,6543,558.6,80.4,717,21.1,1.0,19.3,175.24
619,2024-07-28,T033,7,9853,417.9,86.5,345,37.4,0.6,12.2,110.45
620,2024-01-17,T007,3,4011,310.0,82.4,0,35.6,5.2,4.4,80.91
621,2024-03-06,T005,3,4047,275.8,79.2,585,21.3,5.0,21.1,70.65
622,2024-04-05,T006,5,5892,953.9,77.6,502,28.6,4.2,14.4,260.73
623,2024-01-01,T026,5,7223,703.3,87.4,369,13.5,1.3,9.9,217.86
624,2024-05-21,T032,3,5029,596.7,100.0,272,28.9,0.2,13.3,160.91
625,2024-01-07,T008,7,10631,474.6,91.7,499,26.0,1.3,7.5,143.19
626,2024-01-04,T024,1,1503,442.4,68.9,320,17.7,4.8,13.1,120.09
627,2024-01-13,T003,4,5831,237.5,83.7,864,23.3,10.3,11.0,65.14
628,2024-02-23,T017,7,8394,631.6,70.3,58,36.0,0.3,7.2,192.74
629,2024-06-29,T014,4,4607,599.2,76.1,276,18.5,8.2,3.6,166.39
630,2024-08-21,T026,8,11147,716.6,65.5,0,29.6,0.9,14.1,185.44
631,2024-06-23,T003,7,8531,60.0,70.5,256,27.9,2.5,5.6,14.44
632,2024-02-08,T021,4,5759,534.0,73.1,225,20.5,6.9,7.2,134.07
633,2024-01-29,T034,1,1559,171.1,74.1,462,23.4,8.9,7.3,47.78
634,2024-02-04,T011,3,3563,655.7,73.1,239,19.8,1.7,5.5,159.01
635,2024-07-09,T005,7,9830,816.8,84.7,467,24.1,4.8,6.1,236.6
636,2024-01-08,T031,7,8879,473.9,48.4,322,29.2,1.7,5.9,127.55
637,2024-01-30,T010,2,2504,491.4,45.0,529,29.7,2.4,19.1,130.07
638,2024-04-11,T023,5,5488,357.7,68.9,336,19.1,0.2,15.0,103.97
639,2024-02-19,T004,3,4259,752.6,76.5,291,27.4,11.2,16.8,205.1
640,2024-01-21,T030,5,6539,835.4,83.4,0,15.3,4.8,9.8,215.44
641,2024-03-27,T010,5,6794,428.1,47.6,352,21.4,4.5,6.3,125.3
642,2024-01-07,T029,4,5125,373.3,73.3,0,29.2,0.9,12.5,104.31
643,2024-01-21,T009,4,5230,306.8,69.2,718,17.0,0.7,21.3,80.63
644,2024-06-23,T030,4,6907,314.2,45.0,95,19.5,4.3,10.1,83.22
645,2024-06-02,T003,6,9056,316.5,64.8,203,40.5,9.7,12.5,85.56
646,2024-03-16,T010,3,4249,258.1,58.7,288,21.0,5.3,11.9,67.72
647,2024-02-13,T014,6,7545,705.2,66.4,108,40.8,0.6,21.1,171.1
648,2024-03-03,T037,7,11105,210.0,77.3,562,31.1,6.3,5.3,58.91
649,2024-05-11,T002,9,12490,326.9,76.0,16,22.0,4.0,14.0,88.01
650,2024-04-16,T034,5,6244,836.4,74.0,353,37.1,1.8,3.4,221.76
651,2024-04-18,T028,6,7875,539.2,77.7,716,23.9,5.0,8.6,140.58
652,2024-03-05,T014,2,2580,379.3,79.0,0,22.5,0.3,12.4,100.16
653,2024-03-11,T012,6,8162,231.6,80.2,454,25.6,15.6,11.9,67.26
654,2024-01-16,T001,4,6500,319.5,76.1,424,18.9,2.1,14.1,90.51
655,2024-07-03,T028,6,8451,379.7,71.3,631,24.9,1.6,7.2,102.77
656,2024-06-09,T006,7,10564,336.2,51.3,380,27.6,0.4,4.1,87.34
657,2024-02-02,T024,1,1421,732.1,80.7,429,19.8,1.4,15.0,198.4
658,2024-01-18,T027,7,10605,401.6,83.2,477,15.9,3.3,9.8,114.63
659,2024-02-26,T016,2,3059,878.0,66.5,179,22.8,9.5,15.0,215.46
660,2024-04-22,T033,7,11732,327.9,69.4,270,23.5,4.5,6.1,92.31
661,2024-03-21,T012,3,4483,259.8,73.0,0,28.7,4.5,0.0,61.85
662,2024-04-01,T020,8,10346,652.4,78.4,449,29.0,0.8,21.0,162.03
663,2024-07-20,T002,6,8426,787.8,53.8,0,16.5,3.5,13.7,226.9
664,2024-05-24,T019,3,4547,467.2,65.3,291,28.8,2.7,12.7,121.24
665,2024-02-26,T037,7,8816,644.4,74.2,425,22.5,11.2,14.7,173.96
666,2024-02-26,T011,7,11108,517.6,57.4,806,8.2,13.5,22.1,159.31
667,2024-08-18,T008,5,7065,159.9,64.2,138,27.6,3.8,12.0,39.02
668,2024-07-30,T030,6,9271,194.5,59.7,329,22.1,4.1,11.6,57.29
669,2024-01-20,T024,5,6508,418.3,72.9,563,19.2,3.8,14.2,124.42
670,2024-01-16,T022,6,8777,379.2,72.8,78,32.8,1.2,23.2,99.68
671,2024-04-04,T014,5,6922,556.2,75.6,154,15.4,2.7,4.0,135.29
672,2024-02-18,T036,6,8533,297.8,63.3,138,7.9,0.7,12.8,87.75
673,2024-03-18,T002,4,5743,455.2,67.7,396,23.8,7.5,20.0,137.36
674,2024-03-11,T018,7,8647,509.4,82.4,831,20.1,2.5,12.3,147.74
675,2024-04-02,T020,7,10453,533.7,82.7,287,17.6,0.2,6.3,153.95
676,2024-04-27,T016,3,4240,477.2,68.1,650,19.8,4.5,12.1,110.56
677,2024-01-08,T022,5,6969,179.7,85.0,293,39.2,2.5,14.5,39.53
678,2024-08-27,T039,2,2835,682.9,71.5,289,40.0,0.4,13.3,187.67
679,2024-03-25,T027,4,5157,538.5,59.0,55,20.6,6.2,9.1,145.14
680,2024-06-14,T008,3,4119,746.1,60.5,151,20.3,4.5,25.5,211.91
681,2024-01-20,T021,7,9572,492.6,89.3,456,31.8,1.3,9.0,130.05
682,2024-02-13,T036,6,9710,397.7,69.6,471,25.8,1.1,15.5,100.01
683,2024-01-13,T007,9,12722,410.9,77.1,650,29.8,2.7,17.5,113.14
684,2024-02-18,T021,4,4532,240.8,61.3,310,15.9,3.0,14.0,71.97
685,2024-04-08,T036,3,4322,326.3,64.6,565,18.7,5.0,10.7,80.95
686,2024-07-31,T024,2,2697,652.9,52.6,436,19.0,2.1,7.6,160.7
687,2024-05-28,T018,7,11219,397.1,77.6,213,20.0,1.7,2.9,104.03
688,2024-06-12,T034,5,7270,464.2,55.0,387,31.7,2.5,7.3,117.53
689,2024-04-27,T026,4,5867,847.9,53.4,82,7.9,1.7,7.9,225.68
690,2024-04-06,T006,1,1435,550.8,72.6,18,28.5,6.2,15.8,148.24
691,2024-08-20,T021,5,6389,612.5,88.6,346,29.2,7.5,11.7,145.96
692,2024-08-19,T024,3,4514,602.8,92.1,59,33.6,3.4,9.6,170.81
693,2024-07-23,T001,6,8339,716.0,70.2,153,13.4,2.4,13.5,191.4
694,2024-08-20,T038,8,10422,749.2,79.6,266,18.4,2.3,20.8,205.84
695,2024-05-01,T038,2,3047,366.1,79.9,0,29.1,1.6,9.8,87.38
696,2024-02-23,T029,3,4208,60.0,95.0,399,40.1,7.3,5.7,16.29
697,2024-02-23,T026,5,6770,477.0,82.0,83,18.0,0.2,16.8,132.49
698,2024-06-02,T018,4,5323,603.2,100.0,545,17.1,6.4,18.8,142.2
699,2024-02-24,T016,5,6901,613.4,84.0,527,14.3,3.3,5.0,169.86
700,2024-01-28,T015,7,9959,188.4,77.5,716,25.0,2.2,8.5,50.25
701,2024-07-03,T037,6,8617,262.3,86.0,727,12.1,1.9,11.8,78.12
702,2024-03-27,T027,4,5818,332.4,72.6,263,25.1,3.0,12.0,86.72
703,2024-01-22,T016,4,4898,480.8,63.1,127,40.2,7.8,8.0,118.55
704,2024-06-20,T007,5,8166,319.4,77.0,273,45.9,3.6,7.3,94.22
705,2024-01-13,T022,9,13627,324.1,65.2,201,29.2,2.1,13.5,85.15
706,2024-03-18,T014,6,9137,610.7,58.0,0,30.2,8.3,12.1,158.68
707,2024-07-14,T014,7,8612,619.2,54.5,381,45.2,5.4,19.1,152.57
708,2024-05-07,T028,6,8613,691.8,68.5,50,10.5,3.0,11.4,178.49
709,2024-03-16,T019,6,8249,242.3,80.2,271,44.3,0.8,11.5,60.96
710,2024-05-04,T026,7,10489,906.5,64.7,768,13.8,0.3,16.8,213.4
711,2024-03-13,T027,5,7161,342.1,93.1,215,28.8,3.6,12.5,87.26
712,2024-01-08,T018,7,9306,499.0,84.9,243,33.5,0.4,6.6,136.33
713,2024-08-20,T038,4,5005,650.0,77.8,313,18.7,23.0,10.3,178.02
714,2024-07-07,T028,6,9655,599.4,72.9,268,26.8,7.8,9.5,168.37
715,2024-02-21,T017,5,6688,678.7,45.0,707,32.0,8.1,13.3,184.27
716,2024-08-01,T010,9,13451,303.4,78.9,169,34.1,0.2,6.2,83.43
717,2024-06-21,T019,7,8833,514.6,82.6,47,20.4,2.3,14.5,129.02
718,2024-06-05,T003,3,3785,838.2,76.1,292,24.2,2.3,18.8,225.76
719,2024-05-08,T001,3,4404,909.0,79.9,359,37.7,0.3,18.2,226.27
720,2024-03-07,T002,4,6016,351.5,59.7,450,31.7,4.4,17.8,88.66
721,2024-01-20,T009,6,9793,779.3,66.8,272,13.4,2.8,7.5,215.18
722,2024-05-21,T006,5,8281,775.9,67.2,527,31.4,11.1,13.3,203.97
723,2024-02-10,T014,8,11742,141.1,63.4,452,27.3,11.9,19.3,37.94
724,2024-01-17,T010,1,1465,384.0,52.6,507,21.9,2.4,15.3,101.92
725,2024-05-11,T018,5,6591,1071.2,68.2,384,30.8,0.3,8.6,298.25
726,2024-06-24,T033,5,5891,754.7,89.3,397,8.7,0.7,11.7,212.59
727,2024-07-07,T011,5,6184,720.7,80.2,1,18.4,0.3,12.3,210.56
728,2024-01-02,T030,1,1283,669.2,80.4,0,27.5,0.2,11.6,184.62
729,2024-02-05,T032,6,8331,751.5,56.6,149,13.3,0.1,13.2,185.59
730,2024-06-10,T036,3,4825,581.1,69.7,517,26.1,0.6,9.1,134.19
731,2024-07-27,T024,8,10274,344.2,50.6,486,37.0,9.5,6.9,90.03
732,2024-06-01,T005,4,5949,592.7,81.7,554,31.9,3.5,12.3,168.37
733,2024-05-26,T031,3,4281,697.6,77.9,265,18.0,7.9,0.0,179.86
734,2024-01-10,T013,6,8278,268.3,58.3,404,34.2,0.1,11.3,73.02
735,2024-05-29,T013,6,8832,488.7,76.7,711,27.8,5.0,13.3,133.81
736,2024-04-17,T037,3,3615,326.2,85.1,0,31.7,0.4,16.9,88.43
737,2024-04-10,T015,6,6750,572.8,69.2,531,23.5,3.0,11.1,142.03
738,2024-06-06,T013,3,3763,695.0,81.7,295,10.1,4.2,24.6,186.13
739,2024-07-13,T015,8,10228,689.6,76.0,467,34.8,0.4,7.2,204.22
740,2024-03-14,T033,1,1496,456.9,67.5,657,35.5,0.1,4.2,129.53
741,2024-03-13,T001,6,9154,464.5,70.1,497,11.0,4.3,9.9,127.66
742,2024-03-10,T023,5,6846,359.3,69.6,298,20.6,5.4,14.3,90.39
743,2024-08-11,T015,7,9231,359.1,45.7,344,12.5,0.3,14.5,104.1
744,2024-03-05,T024,4,5225,817.5,54.9,143,17.7,1.6,8.7,207.11
745,2024-08-18,T026,6,8003,219.4,59.0,433,28.1,0.5,4.5,58.4
746,2024-07-21,T005,7,9740,223.1,89.0,498,18.3,0.1,16.3,59.03
747,2024-01-20,T018,5,7032,667.2,94.4,161,10.7,0.3,0.0,182.69
748,2024-01-06,T028,2,2388,549.8,66.9,0,27.8,0.5,19.6,143.16
749,2024-08-26,T037,8,11137,453.9,77.6,266,21.8,0.8,4.7,133.58
750,2024-05-28,T027,7,9614,614.4,76.1,317,23.5,9.0,10.4,154.27
751,2024-04-22,T019,3,4978,587.0,59.3,505,23.1,0.6,13.3,152.41
752,2024-04-21,T027,3,3944,607.5,62.5,568,18.1,4.9,0.3,163.17
753,2024-08-19,T018,3,4065,661.4,55.8,274,16.0,0.1,12.8,172.94
754,2024-05-28,T023,6,7739,509.3,60.1,910,27.8,3.7,11.1,137.39
755,2024-04-10,T034,4,4649,633.2,50.2,509,26.3,2.1,10.5,161.12
756,2024-05-29,T016,5,7521,453.9,68.4,603,34.3,0.6,14.5,135.05
757,2024-08-21,T018,6,7742,428.9,76.7,0,23.1,0.6,7.8,105.53
758,2024-06-11,T029,7,10014,308.8,69.9,339,17.0,1.5,19.8,90.51
759,2024-01-31,T002,8,12670,696.3,81.2,618,28.0,0.6,0.3,197.05
760,2024-07-16,T027,6,9253,234.4,45.0,387,22.3,0.3,6.1,59.43
761,2024-01-24,T027,5,7414,873.8,59.6,570,24.4,7.1,16.2,230.75
762,2024-07-14,T004,4,4673,394.1,82.1,423,9.3,9.2,7.2,123.03
763,2024-05-10,T007,5,6952,573.5,68.8,367,25.4,0.4,11.8,138.95
764,2024-08-13,T013,5,7324,366.4,87.0,52,15.7,7.8,16.0,99.5
765,2024-04-18,T017,4,6172,775.9,85.0,0,14.4,2.1,13.6,179.97
766,2024-06-21,T020,7,9721,153.9,74.8,713,18.8,2.0,12.4,43.04
767,2024-05-03,T015,7,8056,307.2,68.3,322,32.5,1.9,13.8,91.23
768,2024-08-18,T007,6,7899,703.8,73.4,167,20.5,7.3,13.7,207.08
769,2024-06-20,T010,5,6627,558.4,82.0,480,25.5,2.6,10.6,128.29
770,2024-07-26,T005,6,8942,651.6,83.5,751,32.8,6.9,13.2,165.85
771,2024-02-27,T031,8,10844,517.6,62.1,584,17.2,1.4,11.3,145.54
772,2024-07-03,T029,6,8805,527.4,77.3,279,31.1,4.4,20.2,138.06
773,2024-02-05,T027,5,8173,675.6,80.4,253,24.6,0.6,20.6,173.76
774,2024-01-16,T009,8,10605,419.2,70.9,252,22.3,0.9,14.0,119.04
775,2024-06-06,T032,6,7576,491.2,46.3,300,29.8,9.7,11.2,137.53
776,2024-01-01,T012,8,11925,811.4,71.2,281,40.0,1.3,13.8,197.42
777,2024-06-21,T015,4,5538,243.4,66.6,644,31.8,9.8,12.6,65.16
778,2024-07-27,T003,5,6615,293.0,80.0,920,19.6,1.1,9.2,76.77
779,2024-08-08,T025,6,8043,320.2,62.9,486,29.6,8.7,9.5,86.44
780,2024-01-27,T030,2,3396,588.7,56.9,653,34.9,0.3,1.8,148.24
781,2024-08-14,T017,9,14043,359.8,61.3,442,36.6,0.7,12.7,106.24
782,2024-03-24,T010,6,7928,614.8,71.9,75,37.2,9.4,7.4,166.2
783,2024-04-25,T029,9,12209,698.2,90.5,243,29.4,8.1,12.8,189.55
784,2024-03-06,T009,4,5636,568.6,62.7,864,34.1,8.9,17.9,163.22
785,2024-03-20,T015,5,6290,296.9,65.7,419,31.3,4.3,17.3,72.45
786,2024-05-24,T036,8,11106,182.0,68.6,100,20.3,1.9,5.4,48.24
787,2024-01-29,T036,8,10565,86.3,65.4,505,33.4,3.4,7.9,22.45
788,2024-08-06,T036,5,7092,344.1,69.2,423,22.4,28.0,20.8,100.98
789,2024-03-11,T007,8,11549,462.1,58.4,851,31.4,1.8,0.0,127.81
790,2024-05-13,T030,7,7914,815.0,88.8,426,30.3,7.0,3.5,245.19
791,2024-06-09,T032,6,8512,713.7,84.7,596,12.2,2.5,0.0,185.98
792,2024-06-28,T004,4,5694,294.3,47.2,655,20.8,0.5,12.9,74.98
793,2024-07-06,T013,4,5712,904.2,84.3,552,23.0,2.2,21.1,244.41
794,2024-02-17,T018,6,8633,475.0,71.7,249,30.2,3.3,5.6,117.62
795,2024-04-09,T026,4,5444,512.5,67.7,221,19.9,1.3,18.0,148.74
796,2024-07-28,T029,6,8512,463.1,60.7,695,26.1,9.1,5.7,138.14
797,2024-04-17,T024,7,9080,379.9,90.5,0,24.9,2.4,11.3,106.95
798,2024-07-19,T028,4,5752,137.3,62.4,211,20.9,11.2,16.4,35.92
799,2024-06-15,T003,7,9247,531.5,84.5,299,27.0,12.9,11.8,147.13
800,2024-01-18,T009,4,5314,468.2,69.0,501,32.2,6.6,19.2,114.74
801,2024-01-14,T002,2,3303,88.1,86.4,162,32.3,3.1,12.7,23.34
802,2024-04-05,T023,7,8839,428.9,92.6,261,22.3,16.4,7.1,120.0
803,2024-04-20,T018,7,9852,910.8,52.7,0,12.8,0.9,14.2,239.13
804,2024-04-22,T018,4,6559,717.8,53.9,228,30.6,5.1,11.7,208.09
805,2024-03-17,T017,4,5738,203.3,96.0,644,10.3,1.1,14.2,56.03
806,2024-01-25,T011,6,8731,899.2,64.3,591,27.6,1.4,15.6,230.24
807,2024-07-30,T036,7,9434,492.3,80.1,536,19.0,3.6,0.0,136.46
808,2024-08-16,T019,5,8087,681.5,65.1,266,21.5,5.8,7.2,180.57
809,2024-03-07,T009,6,8395,633.7,97.9,254,21.0,2.2,8.6,166.04
810,2024-08-18,T027,4,5203,542.7,75.5,641,28.7,1.1,11.2,159.74
811,2024-01-16,T016,4,5436,387.5,85.2,443,21.6,2.0,4.3,110.08
812,2024-05-06,T004,6,9170,968.5,85.2,468,19.2,0.2,7.4,269.95
813,2024-08-22,T008,3,4262,724.5,80.8,0,33.1,2.7,12.4,214.03
814,2024-02-07,T015,8,10957,479.3,73.2,143,29.9,15.1,3.2,127.53
815,2024-04-02,T011,5,7411,471.6,72.3,369,29.6,3.1,16.2,137.78
816,2024-08-09,T004,8,11325,581.9,67.9,406,19.3,0.2,19.6,154.64
817,2024-07-18,T022,6,8597,167.7,79.5,721,15.8,2.7,21.5,42.43
818,2024-01-04,T010,4,6219,460.6,92.5,22,22.4,16.0,13.7,138.43
819,2024-04-24,T019,3,3781,118.4,62.3,0,25.0,7.8,12.6,26.8
820,2024-05-12,T003,4,4482,459.3,92.5,516,20.7,0.4,12.8,122.4
821,2024-01-01,T039,4,5897,555.2,62.0,432,26.1,12.4,2.9,137.36
822,2024-06-14,T032,5,7852,834.3,62.3,59,24.0,0.6,7.1,233.22
823,2024-03-03,T027,5,6555,331.4,74.4,431,25.2,3.0,10.2,91.6
824,2024-08-21,T015,1,1366,354.4,78.8,334,30.9,11.3,5.2,99.77
825,2024-07-17,T012,3,4192,564.9,74.3,769,11.5,26.6,8.4,160.87
826,2024-03-03,T012,6,7664,793.9,71.4,443,23.1,4.5,4.9,227.81
827,2024-08-12,T023,7,8710,734.8,47.1,298,19.5,7.2,7.8,208.29
828,2024-07-27,T031,6,8314,763.9,75.5,448,17.5,1.0,9.2,177.99
829,2024-05-10,T029,7,9169,340.8,66.5,261,41.3,4.9,18.3,93.0
830,2024-01-18,T019,1,1472,497.5,89.0,295,11.7,0.1,3.2,131.99
831,2024-06-06,T002,7,10228,277.7,90.7,411,27.2,0.1,14.6,73.32
832,2024-06-30,T016,5,7609,537.9,57.8,0,23.7,3.7,13.5,150.59
833,2024-08-10,T018,3,3957,493.3,80.8,0,10.8,0.9,2.8,135.95
834,2024-07-30,T020,6,9063,829.3,63.7,0,18.9,2.5,17.9,194.97
835,2024-05-06,T020,7,11835,831.1,74.6,591,18.3,4.5,16.8,239.75
836,2024-02-21,T030,5,6974,569.9,51.4,611,24.4,2.0,8.9,158.11
837,2024-06-28,T003,6,7976,948.7,58.1,530,4.4,0.4,10.6,291.04
838,2024-01-07,T038,9,10238,617.2,45.0,0,33.4,2.4,9.5,173.53
839,2024-05-21,T022,5,7362,463.9,64.2,407,35.0,7.9,16.6,115.47
840,2024-03-13,T022,6,8980,898.3,93.3,426,29.6,6.7,6.6,250.8
841,2024-06-18,T002,4,5318,575.6,79.1,243,18.3,0.2,12.8,157.03
842,2024-03-29,T031,8,11436,190.3,86.3,675,8.0,7.2,7.8,56.01
843,2024-03-21,T031,4,5748,350.4,84.0,154,17.2,5.2,16.9,100.82
844,2024-08-24,T006,7,9748,620.8,63.4,798,36.4,2.9,15.6,182.74
845,2024-03-13,T015,6,8079,501.7,81.9,586,28.0,2.4,8.8,128.49
846,2024-05-21,T007,7,11477,472.3,68.9,381,17.4,9.4,12.7,135.83
847,2024-05-10,T003,5,6674,372.2,85.6,0,24.6,10.7,12.2,107.91
848,2024-03-25,T035,6,8020,805.6,84.5,1069,21.8,0.1,8.2,225.36
849,2024-04-06,T035,6,8043,756.0,68.5,445,16.9,3.9,9.3,203.02
850,2024-05-03,T024,4,5389,789.6,86.1,453,15.3,0.9,8.7,237.63
851,2024-07-31,T026,6,7881,321.2,64.4,791,25.7,15.1,23.7,85.83
852,2024-01-07,T033,7,9106,199.4,55.8,185,16.1,5.5,0.0,54.22
853,2024-08-03,T029,5,5657,678.8,52.4,537,25.0,13.0,11.0,161.51
854,2024-04-27,T032,3,4310,556.5,79.3,174,23.5,0.5,10.6,138.58
855,2024-04-27,T031,9,10419,294.1,71.4,490,11.2,8.9,12.8,85.36
856,2024-05-14,T031,6,7748,210.2,72.9,613,15.2,6.4,8.3,63.94
857,2024-05-25,T022,5,7197,755.4,74.8,784,21.8,0.3,19.4,203.15
858,2024-08-07,T031,7,9779,725.1,72.2,0,26.5,13.2,14.3,191.56
859,2024-01-09,T031,4,5810,320.2,91.4,183,2.3,2.2,9.2,90.54
860,2024-06-28,T010,3,3971,628.6,73.5,394,38.2,1.6,17.2,163.89
861,2024-08-27,T010,4,5950,755.9,80.3,362,32.8,5.0,20.2,205.4
862,2024-02-13,T019,7,8256,590.9,62.7,374,17.0,3.9,3.6,154.65
863,2024-08-17,T028,7,10262,661.0,80.0,785,27.3,0.1,4.6,172.98
864,2024-05-14,T026,6,8061,1060.9,77.0,339,16.7,3.6,14.2,292.55
865,2024-08-18,T001,6,7676,630.4,66.0,387,27.6,0.8,10.7,161.61
866,2024-05-05,T025,5,6704,364.4,87.1,390,45.5,3.8,8.0,101.81
867,2024-04-29,T022,5,6923,726.7,62.9,492,24.9,7.5,14.3,195.34
868,2024-07-10,T037,8,11433,589.1,70.9,352,19.3,1.5,7.5,140.1
869,2024-05-16,T031,7,9215,340.2,97.2,0,27.4,1.8,12.2,91.45
870,2024-06-14,T026,6,8892,429.9,89.3,123,12.9,3.4,8.2,109.24
871,2024-07-23,T036,7,9173,354.6,50.9,362,32.2,11.6,12.5,93.32
872,2024-02-16,T034,7,8819,235.3,76.4,270,21.2,6.9,16.0,61.99
873,2024-05-03,T006,3,3970,419.3,70.1,248,12.6,1.4,10.9,110.58
874,2024-02-01,T001,7,9630,184.5,70.4,134,29.6,1.6,27.4,50.96
875,2024-04-08,T007,4,5800,643.3,79.3,81,27.4,2.1,4.9,162.23
876,2024-03-19,T034,6,8891,694.1,69.9,313,42.8,3.1,17.7,175.4
877,2024-04-18,T026,8,13228,624.7,82.5,520,17.5,3.9,2.9,177.45
878,2024-07-24,T038,7,8171,476.7,49.7,5,23.7,1.5,13.6,110.01
879,2024-05-04,T006,5,6610,806.6,61.4,394,24.1,1.1,0.3,207.15
880,2024-04-16,T014,6,8988,419.0,48.9,253,31.6,1.8,14.8,112.37
881,2024-05-17,T010,7,8335,279.8,75.8,619,27.6,0.9,7.8,77.81
882,2024-05-24,T029,8,10517,678.5,52.0,87,39.9,0.5,6.3,162.57
883,2024-05-15,T008,5,7101,418.8,65.8,224,16.1,4.6,7.0,104.45
884,2024-02-15,T030,9,11689,462.8,73.9,517,20.2,1.9,5.7,133.75
885,2024-04-18,T014,9,13100,502.1,77.6,622,25.5,9.7,8.9,144.47
886,2024-02-11,T021,9,13633,596.5,62.7,133,17.0,2.5,15.3,178.64
887,2024-03-25,T004,5,6798,479.5,91.8,238,14.8,4.5,17.7,134.55
888,2024-02-11,T035,2,2985,622.4,95.4,239,21.4,0.8,12.6,155.76
889,2024-03-13,T038,2,2873,262.7,64.6,838,15.1,6.3,16.4,72.19
890,2024-08-05,T037,7,9692,699.5,84.0,942,26.3,7.8,20.7,197.72
891,2024-01-23,T002,6,6867,570.7,45.0,326,32.1,5.3,19.8,133.05
892,2024-07-10,T033,6,8684,583.0,88.7,154,11.2,3.8,8.1,171.69
893,2024-08-23,T034,7,10102,438.6,68.6,257,23.4,0.3,17.0,118.12
894,2024-03-08,T027,8,10622,426.3,79.2,811,24.1,1.3,11.9,112.6
895,2024-02-14,T027,2,2738,822.8,61.7,517,29.2,6.8,20.0,233.01
896,2024-02-13,T032,9,12480,440.4,90.5,1001,29.9,0.1,2.3,125.58
897,2024-05-28,T024,7,11851,651.2,57.8,300,12.2,1.6,15.4,174.93
898,2024-06-01,T028,4,6493,689.2,73.5,304,24.1,4.6,13.5,167.27
899,2024-03-11,T037,8,12353,420.0,59.7,553,19.9,4.2,12.0,128.69
900,2024-01-27,T039,5,8425,1054.4,70.5,405,19.2,1.1,2.6,296.63
901,2024-05-01,T036,6,7003,190.7,67.5,0,18.5,6.4,3.8,52.21
902,2024-04-30,T006,5,7262,905.7,85.4,391,21.7,3.1,7.5,249.13
903,2024-04-14,T027,3,4031,562.2,63.2,356,33.4,3.2,2.0,125.4
904,2024-07-28,T007,7,9744,535.9,100.0,795,18.5,2.6,18.3,154.63
905,2024-05-31,T029,5,6710,740.0,62.8,159,30.2,8.5,11.1,169.83
906,2024-03-15,T035,5,6122,518.5,67.7,93,15.4,2.2,16.4,144.23
907,2024-02-28,T021,3,3972,759.9,75.5,443,32.0,0.2,21.6,215.04
908,2024-01-09,T003,6,9192,661.0,61.7,168,18.4,2.4,13.8,161.4
909,2024-02-29,T002,5,5730,523.4,80.1,0,41.1,5.1,22.5,122.75
910,2024-08-10,T007,7,8577,947.9,70.1,608,28.5,7.9,10.2,252.95
911,2024-06-20,T022,1,1504,736.0,76.7,309,25.6,2.9,13.2,199.2
912,2024-04-29,T024,5,7906,282.2,60.3,164,32.0,2.8,17.3,72.08
913,2024-07-25,T023,5,7221,665.4,59.3,166,15.6,9.5,8.0,168.74
914,2024-07-31,T032,4,5212,272.7,62.0,497,21.0,4.3,10.8,73.51
915,2024-06-18,T038,4,5916,435.0,62.2,157,26.6,1.6,4.1,115.89
916,2024-06-15,T015,5,6799,843.8,74.1,151,18.3,3.4,15.6,238.99
917,2024-05-19,T001,8,9381,736.4,55.9,128,17.2,4.9,7.6,198.3
918,2024-02-28,T010,3,4439,331.2,72.8,429,24.8,2.0,9.3,91.41
919,2024-04-21,T038,6,8232,254.0,61.7,131,41.4,0.5,11.0,62.36
920,2024-01-29,T016,9,10852,163.0,45.0,166,27.3,19.8,7.2,44.39
921,2024-04-21,T027,5,7711,603.7,50.4,374,21.9,0.6,4.9,176.32
922,2024-02-17,T007,4,6022,187.2,66.8,221,24.6,2.9,1.1,52.55
923,2024-08-08,T010,6,8909,653.1,80.2,0,35.9,1.5,10.7,178.14
924,2024-04-16,T001,5,7203,165.4,72.3,64,32.9,5.0,15.9,40.53
925,2024-01-09,T010,5,6865,273.8,78.4,426,12.8,2.0,7.2,79.17
926,2024-08-08,T026,7,9676,424.3,74.9,81,23.5,5.5,18.0,122.51
927,2024-07-31,T031,4,5292,573.1,75.9,644,30.3,0.3,10.3,157.35
928,2024-04-24,T025,6,8177,689.7,70.2,466,34.1,0.1,16.7,188.08
929,2024-04-25,T016,5,6444,807.8,78.7,0,30.1,13.3,17.5,206.09
930,2024-05-02,T022,6,8528,646.2,52.0,597,17.0,12.9,6.1,171.28
931,2024-05-04,T013,6,7824,270.7,69.3,618,24.0,2.0,17.2,74.13
932,2024-02-28,T003,5,8418,152.1,76.6,350,30.6,1.2,7.5,40.13
933,2024-03-09,T005,3,3832,741.6,87.3,268,21.6,3.4,14.7,206.72
934,2024-02-28,T034,6,7609,470.0,90.7,89,12.8,7.5,14.7,133.38
935,2024-01-17,T007,1,1631,592.6,71.3,390,19.2,3.2,15.7,148.73
936,2024-05-28,T024,6,7608,572.1,80.1,0,28.2,14.3,8.7,144.12
937,2024-08-17,T029,4,5704,816.5,62.8,255,46.7,4.8,1.2,217.62
938,2024-05-09,T014,8,10744,307.7,83.0,8,19.3,2.7,6.4,79.94
939,2024-06-14,T017,5,6513,466.6,70.4,86,15.1,15.5,12.3,113.26
940,2024-01-15,T037,9,12411,559.6,81.8,151,21.6,0.7,6.7,146.45
941,2024-08-14,T006,6,9598,180.8,100.0,495,30.3,0.0,11.6,48.31
942,2024-08-02,T004,7,9438,733.3,87.0,607,15.8,4.6,21.4,212.35
943,2024-03-05,T010,4,5441,469.4,72.8,63,23.7,2.5,12.8,132.2
944,2024-08-03,T039,1,1320,577.4,87.0,737,26.0,1.0,2.7,149.72
945,2024-01-22,T023,4,4929,320.8,91.5,157,24.5,0.6,17.8,97.22
946,2024-03-15,T017,8,10927,735.1,85.4,631,15.8,3.4,19.1,206.99
947,2024-06-30,T009,6,7163,412.0,90.4,251,20.4,21.7,21.2,118.97
948,2024-04-20,T012,6,8429,463.3,87.4,324,17.1,11.9,16.1,114.45
949,2024-05-29,T013,5,6317,393.8,71.4,8,26.5,8.9,20.2,116.29
950,2024-06-21,T024,9,12003,692.4,80.5,543,39.1,0.7,12.1,190.21
951,2024-01-16,T002,9,12211,443.7,64.3,167,19.8,4.2,3.8,125.69
952,2024-01-11,T020,6,8622,431.9,84.6,250,20.3,3.6,17.4,128.09
953,2024-04-17,T001,6,8367,60.0,60.1,212,22.0,0.8,5.2,15.14
954,2024-03-11,T022,4,5867,981.0,76.6,639,29.5,0.8,12.2,262.08
955,2024-08-10,T032,6,8908,872.8,77.5,578,25.1,1.4,16.1,236.38
956,2024-08-20,T007,7,10610,305.6,74.8,168,51.0,10.5,15.1,78.94
957,2024-05-13,T011,8,11774,76.4,77.6,663,28.4,4.0,4.0,23.32
958,2024-05-29,T010,3,4255,113.4,58.5,468,13.2,2.7,11.6,26.85
959,2024-06-15,T014,5,7353,898.1,56.5,663,17.9,0.6,1.2,254.74
960,2024-04-10,T003,5,7632,532.5,77.7,343,12.6,0.9,3.5,140.2
961,2024-05-04,T022,4,5544,589.1,80.2,400,21.1,3.1,12.8,171.12
962,2024-02-14,T002,5,6962,487.0,66.1,324,20.4,1.6,15.1,137.23
963,2024-08-19,T034,6,8245,395.7,48.1,173,36.9,9.3,10.1,101.31
964,2024-01-25,T008,7,9487,445.7,65.6,242,16.2,2.5,3.1,104.49
965,2024-03-07,T013,9,12218,897.6,76.5,111,29.1,3.5,19.5,235.52
966,2024-01-30,T037,3,4618,499.3,75.8,0,33.0,0.8,16.8,135.6
967,2024-02-03,T009,5,7389,60.0,96.9,458,23.6,7.0,7.7,15.84
968,2024-05-19,T035,6,8570,443.1,72.6,524,20.7,1.6,17.6,123.38
969,2024-05-20,T027,5,6086,391.8,89.0,247,26.8,0.4,4.6,113.21
970,2024-04-08,T015,5,6944,350.9,76.8,477,26.0,4.9,25.8,97.61
971,2024-04-07,T012,6,9726,629.4,87.7,210,32.0,1.7,11.9,170.19
972,2024-03-01,T002,1,1495,238.9,64.4,493,30.8,0.8,21.6,57.72
973,2024-04-16,T028,7,11694,692.3,87.3,481,30.3,3.8,9.9,204.65
974,2024-06-08,T016,1,1466,939.2,77.9,581,15.6,16.6,16.1,272.36
975,2024-02-13,T020,3,4146,547.7,96.3,530,23.7,8.3,0.0,150.28
976,2024-08-21,T016,6,7915,579.5,65.9,323,14.8,3.3,18.6,159.95
977,2024-05-29,T036,5,7241,622.2,78.7,620,19.2,0.6,6.3,158.0
978,2024-08-11,T008,9,14000,710.8,52.4,980,19.3,3.2,11.3,186.94
979,2024-02-15,T017,8,9663,358.8,75.7,304,26.0,2.9,18.7,95.35
980,2024-02-08,T007,7,9655,606.1,60.4,304,12.2,3.2,0.0,154.18
981,2024-03-21,T015,5,6960,664.8,50.6,345,22.4,3.4,12.5,180.3
982,2024-08-14,T013,9,12946,501.0,80.1,364,37.7,15.3,6.9,148.88
983,2024-01-17,T004,3,4725,304.5,100.0,770,20.4,5.0,0.7,80.14
984,2024-07-14,T021,4,5440,381.7,73.2,161,30.7,4.5,8.8,80.44
985,2024-06-10,T013,2,2156,581.4,63.2,0,24.2,4.7,5.4,163.28
986,2024-06-25,T034,8,11419,383.2,48.5,0,18.7,1.7,15.2,94.78
987,2024-02-21,T007,8,11497,788.5,72.3,383,33.1,5.2,9.9,218.52
988,2024-01-22,T005,9,12738,584.5,79.0,0,27.0,5.3,7.6,157.72
989,2024-03-11,T030,5,6369,233.9,89.2,176,28.2,0.1,20.1,64.99
990,2024-04-29,T033,4,5772,1058.1,83.2,301,17.8,11.7,11.3,300.02
991,2024-01-13,T033,3,3671,554.9,63.9,308,15.3,4.2,8.8,143.69
992,2024-04-19,T020,5,7138,641.3,63.6,545,14.3,2.8,19.0,197.88
993,2024-02-06,T007,8,14159,498.7,59.2,319,15.7,2.8,10.9,134.38
994,2024-07-23,T003,5,7621,874.0,68.2,287,16.8,25.4,9.7,231.46
995,2024-07-04,T039,7,8366,409.9,83.3,0,28.8,7.2,14.0,113.82
996,2024-05-03,T012,6,8610,334.8,67.7,714,16.6,3.7,1.6,91.9
997,2024-08-08,T008,9,15033,304.1,61.5,568,34.7,2.4,8.1,89.51
998,2024-01-07,T008,3,4476,396.7,59.3,473,25.1,1.2,10.0,112.99
999,2024-01-13,T036,4,5216,1146.1,85.2,326,24.3,4.9,19.2,301.01
1000,2024-08-26,T029,6,7628,318.1,57.2,517,22.6,4.5,16.7,94.95
1001,2024-08-12,T038,4,4464,746.2,67.3,357,27.4,5.0,5.9,195.04
1002,2024-01-01,T007,5,5692,619.5,92.1,301,27.3,1.1,6.8,164.87
1003,2024-04-24,T007,5,6840,382.8,73.0,266,21.3,10.7,12.5,101.94
1004,2024-03-28,T018,5,6542,966.9,61.0,280,20.9,6.6,10.5,248.77
1005,2024-08-19,T018,7,8574,305.0,69.1,995,28.3,4.4,1.2,82.85
1006,2024-08-18,T035,8,11509,148.7,77.1,209,27.3,0.0,13.5,40.09
1007,2024-04-02,T005,8,13074,400.7,57.3,458,30.7,2.5,3.9,113.57
1008,2024-07-01,T033,4,5201,710.0,92.4,175,26.7,7.6,8.1,205.58
1009,2024-05-08,T017,3,4367,96.4,45.0,715,8.8,0.7,11.6,28.31
1010,2024-04-30,T031,6,8087,497.5,60.4,650,25.7,0.3,0.9,146.37
1011,2024-08-20,T017,4,6345,532.5,76.6,360,22.5,1.1,9.7,128.89
1012,2024-06-06,T024,9,13109,714.3,71.4,2,34.4,5.8,9.4,204.07
1013,2024-05-18,T026,9,14407,200.8,67.1,113,27.6,10.0,4.9,53.23
1014,2024-05-01,T035,8,9369,510.8,72.2,395,28.9,0.7,11.8,138.37
1015,2024-03-30,T017,3,4124,131.5,83.4,0,24.4,1.8,12.9,36.3
1016,2024-04-09,T005,6,9446,400.4,61.2,206,13.2,0.3,15.5,107.92
1017,2024-04-30,T024,1,1250,817.7,92.1,0,30.9,8.9,18.4,221.96
1018,2024-01-04,T001,3,4648,552.9,78.8,32,11.6,1.9,11.3,145.46
1019,2024-08-08,T034,2,2660,77.0,74.0,7,16.2,5.4,5.9,20.01
1020,2024-03-15,T025,9,12303,396.3,72.4,255,13.9,1.6,6.6,108.66
1021,2024-03-27,T009,2,2552,319.8,57.0,39,24.6,2.4,13.5,82.41
1022,2024-04-15,T024,8,10678,555.7,52.4,120,22.8,0.0,18.7,142.08
1023,2024-07-28,T030,4,5670,617.5,81.6,483,25.7,1.6,11.0,172.46
1024,2024-03-31,T012,5,6823,1018.2,61.8,242,9.9,1.1,14.6,278.85
1025,2024-05-10,T022,5,6960,518.9,57.5,522,33.0,0.8,10.8,133.11
1026,2024-05-14,T001,6,7924,492.8,60.0,282,33.2,3.9,8.4,125.97
1027,2024-05-19,T034,7,9969,509.2,68.5,597,29.5,12.6,0.0,146.99
1028,2024-06-22,T014,9,13393,499.3,100.0,282,18.6,1.0,8.5,146.07
1029,2024-06-16,T001,7,9662,691.9,71.0,419,30.2,6.3,13.3,185.75
1030,2024-02-13,T031,3,4214,697.8,90.9,92,16.9,2.0,11.9,169.93
1031,2024-03-12,T003,3,4024,790.7,86.6,241,21.0,0.2,11.6,222.54
1032,2024-02-15,T030,7,10126,813.7,55.7,326,31.7,9.0,7.7,240.27
1033,2024-06-14,T028,5,6853,352.1,84.1,251,15.3,6.4,12.6,106.3
1034,2024-03-26,T006,6,7958,461.4,83.1,25,42.9,2.1,17.1,119.12
1035,2024-01-28,T023,7,10686,676.9,48.6,327,32.9,10.0,8.7,193.27
1036,2024-05-13,T034,4,5831,350.0,47.7,392,22.7,8.3,4.9,98.91
1037,2024-08-14,T013,6,7697,416.4,79.9,542,22.9,0.9,15.6,110.59
1038,2024-06-12,T033,5,6307,872.4,83.7,667,21.2,0.6,8.2,251.74
1039,2024-01-02,T030,5,7237,590.3,76.1,122,26.5,5.1,11.9,178.51
1040,2024-08-08,T006,6,8523,60.0,85.1,0,26.6,2.7,11.0,16.92
1041,2024-01-13,T011,8,9577,513.8,55.2,335,20.7,4.0,15.6,131.62
1042,2024-07-10,T028,7,9584,336.0,66.2,476,30.1,1.1,7.6,92.63
1043,2024-05-12,T004,4,5999,484.4,90.9,525,32.4,2.9,11.1,126.25
1044,2024-07-17,T009,7,9445,148.9,69.0,495,29.9,10.6,16.0,39.78
1045,2024-02-04,T038,7,8932,533.6,74.1,0,27.6,3.9,16.6,133.02
1046,2024-06-10,T033,5,7481,506.2,77.2,680,19.7,4.2,12.1,152.29
1047,2024-04-24,T025,6,9106,670.1,77.3,731,23.1,0.8,8.7,160.28
1048,2024-05-17,T015,4,5553,409.6,94.0,439,31.9,0.6,21.4,118.57
1049,2024-03-19,T024,5,6639,762.5,83.8,320,15.7,8.6,20.0,230.13
1050,2024-07-16,T007,9,11865,881.1,73.0,318,22.0,0.4,16.1,228.15
1051,2024-01-14,T029,6,7883,203.3,61.8,840,17.7,1.7,4.8,52.97
1052,2024-05-02,T032,7,8727,683.4,80.8,36,33.2,0.8,14.6,168.65
1053,2024-03-28,T012,4,6264,584.1,83.3,603,30.1,1.3,10.7,145.34
1054,2024-03-28,T038,6,8871,627.7,66.9,248,24.0,1.1,18.8,175.38
1055,2024-06-07,T027,5,5688,193.3,52.3,616,44.2,2.7,20.2,47.93
1056,2024-01-31,T004,6,8173,67.6,64.7,351,23.1,0.7,18.4,18.91
1057,2024-03-14,T016,3,4758,583.5,66.1,660,15.9,1.7,6.0,143.81
1058,2024-03-03,T033,8,11073,658.3,91.6,118,22.3,1.1,8.9,168.46
1059,2024-02-27,T032,6,7944,343.0,71.4,496,23.6,3.5,11.1,89.42
1060,2024-04-09,T001,5,7010,158.0,50.3,461,23.8,2.7,11.6,39.58
1061,2024-08-13,T028,2,2600,578.8,75.8,0,30.1,2.7,5.3,142.45
1062,2024-06-09,T028,6,8110,874.8,63.6,364,35.4,3.4,13.6,224.41
1063,2024-04-10,T023,4,4955,639.1,50.3,686,23.3,10.1,9.4,159.36
1064,2024-05-29,T006,8,11433,364.3,50.6,503,29.8,3.0,6.4,97.74
1065,2024-03-25,T030,7,9895,490.7,83.7,565,22.8,0.3,2.9,127.45
1066,2024-08-12,T019,3,3643,525.9,71.9,477,18.7,2.3,14.0,154.28
1067,2024-04-27,T038,4,5257,362.4,76.1,468,11.6,0.1,6.5,92.43
1068,2024-07-14,T014,7,8967,316.5,80.6,279,20.5,7.3,18.9,89.32
1069,2024-02-10,T002,7,8428,548.9,68.3,306,11.3,1.1,14.1,160.85
1070,2024-08-08,T006,6,8567,173.0,61.3,746,4.3,2.6,11.2,50.89
1071,2024-07-25,T030,5,6963,763.9,89.1,316,12.9,1.6,8.9,187.27
1072,2024-08-27,T031,4,5222,692.3,68.8,567,23.0,5.5,17.2,164.85
1073,2024-08-18,T010,3,4046,508.6,80.3,598,30.5,14.9,10.2,161.93
1074,2024-03-22,T012,3,4902,479.3,62.8,192,42.2,3.8,17.6,107.24
1075,2024-03-13,T011,6,8547,344.8,73.8,242,12.5,3.3,25.1,93.33
1076,2024-06-28,T012,6,8476,718.4,68.5,118,20.3,0.1,18.1,199.33
1077,2024-08-12,T021,3,4327,123.3,67.3,505,25.3,0.8,5.9,32.84
1078,2024-02-04,T021,2,2876,416.6,72.2,83,24.7,3.8,13.3,107.57
1079,2024-01-24,T022,6,8289,165.6,73.2,455,31.9,1.4,9.0,43.04
1080,2024-02-05,T026,8,11819,547.2,75.2,286,31.1,2.0,2.1,150.14
1081,2024-03-22,T017,3,3719,763.7,89.2,603,32.6,2.1,21.9,194.28
1082,2024-06-27,T037,3,3666,553.1,86.8,487,20.1,3.0,8.7,144.31
1083,2024-04-13,T035,5,7863,282.5,59.8,200,27.2,1.2,14.1,69.12
1084,2024-02-12,T009,4,6351,861.1,86.4,0,10.9,0.6,16.3,197.85
1085,2024-08-02,T039,4,5084,540.1,61.1,552,31.5,9.7,13.4,148.87
1086,2024-02-24,T036,6,8996,543.0,74.6,134,29.2,5.8,10.0,135.68
1087,2024-08-22,T001,3,4950,471.1,93.4,127,32.0,2.3,12.1,126.61
1088,2024-06-18,T007,5,6879,627.4,70.9,274,31.5,2.0,10.1,146.11
1089,2024-08-12,T026,5,6974,550.5,67.1,0,23.1,0.6,5.8,154.32
1090,2024-03-08,T012,4,5084,908.7,57.1,327,27.9,2.1,10.4,243.44
1091,2024-01-22,T011,6,9081,347.1,58.7,422,17.4,3.7,5.9,82.03
1092,2024-02-07,T001,8,10655,663.3,63.0,310,21.7,0.3,14.6,190.84
1093,2024-02-26,T009,7,10368,271.2,80.5,363,26.8,1.0,13.1,71.69
1094,2024-07-20,T010,5,7380,477.8,84.7,223,35.8,2.8,2.7,126.22
1095,2024-01-17,T034,3,4534,824.1,53.6,75,30.2,6.8,27.3,234.89
1096,2024-07-17,T030,4,5915,560.9,81.5,342,34.6,1.4,6.8,149.31
1097,2024-07-05,T012,7,9969,138.6,73.6,450,16.1,2.7,15.2,32.95
1098,2024-04-11,T020,4,5576,717.2,73.6,540,24.7,3.4,7.5,177.31
1099,2024-05-07,T035,3,4338,623.4,59.6,313,23.5,1.3,11.0,168.81
1100,2024-06-30,T016,4,5638,748.1,68.3,62,33.5,1.9,20.6,210.29
1101,2024-03-26,T039,4,5144,540.2,47.9,428,15.9,0.6,12.4,150.97
1102,2024-07-25,T008,3,4256,367.6,66.4,208,20.2,5.2,7.0,92.01
1103,2024-08-27,T022,7,8657,318.4,85.6,298,35.8,12.1,19.9,96.72
1104,2024-07-02,T035,5,6887,201.0,78.8,39,19.3,2.5,8.7,56.05
1105,2024-07-27,T036,4,5009,210.0,84.7,650,30.5,1.2,7.7,53.33
1106,2024-06-22,T025,7,10078,124.6,64.3,36,34.9,0.6,9.6,33.77
1107,2024-03-31,T025,9,12191,581.1,65.1,223,27.8,11.3,10.2,186.19
1108,2024-01-21,T002,3,4304,936.6,66.0,354,29.0,3.9,14.9,276.1
1109,2024-02-03,T002,6,8863,129.4,79.8,702,39.1,1.7,4.6,34.0
1110,2024-06-09,T004,4,5677,643.7,62.3,94,34.5,2.7,25.6,176.22
1111,2024-04-15,T028,7,9410,767.2,96.9,292,36.6,0.3,15.0,234.77
1112,2024-06-05,T015,5,5748,578.2,62.9,98,9.2,1.9,8.5,165.99
1113,2024-08-10,T029,9,13797,600.9,72.0,563,34.0,3.1,13.0,173.04
1114,2024-08-22,T004,5,7178,539.2,74.3,287,27.9,3.8,9.0,131.98
1115,2024-03-19,T023,6,8013,487.7,63.2,832,34.1,1.6,7.6,143.6
1116,2024-04-26,T019,8,11856,722.6,80.5,413,10.2,2.0,7.3,193.61
1117,2024-04-16,T018,9,12521,174.8,65.6,374,16.7,0.6,9.5,51.31
1118,2024-03-15,T001,6,8837,501.8,68.2,391,33.3,9.5,18.8,127.96
1119,2024-02-18,T019,5,6998,540.3,73.6,0,21.5,2.9,10.6,137.25
1120,2024-03-20,T010,6,7679,537.0,86.2,414,18.7,3.6,14.4,146.59
1121,2024-05-09,T003,7,10524,756.6,78.8,617,15.3,9.1,3.0,211.39
1122,2024-01-14,T039,4,5847,402.4,66.2,0,36.0,6.7,3.8,97.41
1123,2024-01-19,T039,7,10230,608.9,70.3,135,18.0,2.8,7.0,174.13
1124,2024-08-22,T003,4,5194,598.5,71.3,393,27.5,3.9,14.2,153.89
1125,2024-05-15,T034,7,9613,676.8,69.9,50,35.0,13.6,5.5,175.46
1126,2024-01-21,T007,5,6990,524.8,63.6,503,34.0,8.8,15.1,146.56
1127,2024-03-22,T008,4,5120,738.2,69.9,38,17.4,8.3,6.8,210.02
1128,2024-03-08,T014,5,5633,485.6,69.3,193,25.7,15.3,12.4,124.86
1129,2024-02-08,T038,8,11803,789.7,78.3,582,11.4,5.4,13.2,206.55
1130,2024-03-10,T032,9,13230,503.6,81.9,246,20.3,1.0,9.6,148.46
1131,2024-01-18,T026,5,6561,662.1,77.1,593,23.1,1.0,13.9,212.81
1132,2024-01-06,T033,7,9682,757.1,79.6,306,26.9,6.4,13.1,203.27
1133,2024-02-17,T010,3,4754,603.2,91.0,65,18.3,1.6,15.6,155.92
1134,2024-06-29,T036,3,4446,557.7,82.5,220,26.1,5.1,2.5,157.63
1135,2024-03-09,T007,7,9270,303.4,61.8,105,15.9,10.7,14.6,94.85
1136,2024-08-04,T034,5,7033,570.2,73.1,235,20.8,10.3,11.7,152.87
1137,2024-01-25,T034,6,8594,809.4,73.9,677,19.4,0.3,1.2,228.23
1138,2024-02-17,T020,7,10342,151.3,73.7,363,30.1,10.9,9.5,41.92
1139,2024-02-11,T029,6,9075,472.1,82.0,581,25.9,7.1,14.5,142.52
1140,2024-04-16,T018,6,8864,479.1,76.5,0,16.8,3.0,7.6,125.02
1141,2024-01-24,T038,3,4214,142.2,79.1,517,28.4,1.1,4.1,41.66
1142,2024-07-07,T021,7,10704,629.7,84.0,447,33.6,1.1,17.2,162.8
1143,2024-01-22,T019,6,8498,631.1,83.7,227,36.2,1.4,17.4,187.14
1144,2024-05-26,T018,6,8381,161.0,65.3,764,32.6,7.1,7.4,44.64
1145,2024-01-20,T023,3,3908,221.2,65.5,219,16.8,2.4,20.0,55.5
1146,2024-05-13,T014,4,5662,828.5,64.9,754,17.5,3.0,10.6,223.45
1147,2024-05-11,T032,7,10401,298.3,74.8,223,16.3,7.9,10.1,82.85
1148,2024-06-04,T017,6,8134,246.8,82.0,403,33.9,7.7,9.6,66.35
1149,2024-01-16,T013,5,6192,340.1,59.3,169,43.9,0.0,12.8,93.34
1150,2024-06-10,T022,5,6727,531.4,64.8,190,13.1,2.6,21.1,153.38
1151,2024-01-10,T011,8,11697,560.1,76.5,23,26.3,1.9,18.8,144.95
1152,2024-01-15,T007,5,6639,233.0,87.4,231,24.2,3.9,0.0,60.57
1153,2024-08-09,T008,8,11016,450.3,96.7,637,25.4,3.7,13.2,136.93
1154,2024-07-27,T015,7,11084,498.0,63.9,657,22.1,5.1,17.4,143.97
1155,2024-07-12,T001,5,8139,570.8,52.1,0,24.0,6.5,9.0,145.74
1156,2024-04-13,T011,7,8940,604.0,62.2,189,32.0,1.2,15.9,166.4
1157,2024-02-13,T009,5,8597,627.1,45.4,803,9.0,8.5,0.0,187.07
1158,2024-01-11,T017,1,1326,226.3,77.2,610,17.6,0.4,10.0,58.68
1159,2024-04-28,T022,6,8011,390.2,79.8,197,28.8,1.6,6.9,101.89
1160,2024-07-14,T021,3,4107,485.8,77.6,6,23.7,4.6,14.4,151.18
1161,2024-03-29,T003,5,7618,1033.7,54.8,0,15.1,2.0,13.0,276.48
1162,2024-06-08,T028,5,6933,539.8,71.6,139,37.5,2.3,3.1,146.99
1163,2024-04-29,T018,1,1182,368.5,66.0,822,18.1,0.0,11.2,98.48
1164,2024-07-04,T008,7,9783,484.8,59.5,267,28.7,0.3,4.0,134.36
1165,2024-03-15,T021,8,10602,75.1,52.9,67,23.7,8.8,11.3,20.45
1166,2024-02-16,T003,6,8823,113.8,86.2,372,1.8,3.7,24.4,32.03
1167,2024-01-17,T032,6,7894,962.3,61.2,483,18.2,3.2,11.0,268.25
1168,2024-01-05,T013,9,11683,439.3,83.9,515,28.9,12.4,7.1,124.78
1169,2024-06-17,T017,6,6815,841.1,71.8,397,31.3,2.7,16.0,241.44
1170,2024-03-11,T018,1,1445,513.5,73.9,667,38.9,7.9,13.5,145.49
1171,2024-06-28,T024,7,10097,668.2,60.9,398,35.7,0.1,10.8,197.52
1172,2024-04-08,T018,6,7938,326.3,81.2,843,35.1,1.3,3.9,90.33
1173,2024-03-13,T005,7,10597,502.2,77.6,491,33.4,0.5,4.3,133.82
1174,2024-03-16,T033,1,1255,504.2,87.5,175,35.3,1.8,6.8,125.96
1175,2024-02-11,T020,7,9909,582.6,97.8,231,40.4,8.3,17.1,174.78
1176,2024-08-11,T009,4,6586,513.4,71.4,23,19.5,3.0,16.9,130.88
1177,2024-06-10,T002,4,6255,185.7,67.0,463,21.6,10.1,12.9,44.49
1178,2024-01-23,T025,6,7737,1171.7,68.0,361,32.1,0.5,18.1,364.88
1179,2024-01-30,T003,5,6100,644.3,62.8,32,24.8,2.9,13.4,167.66
1180,2024-03-20,T025,6,9313,979.0,72.6,49,21.4,11.4,5.3,246.42
1181,2024-06-23,T021,6,7937,763.7,60.8,17,13.7,1.1,5.0,209.69
1182,2024-02-29,T010,3,4148,60.0,76.7,593,21.1,2.1,10.0,16.27
1183,2024-04-14,T014,6,6899,898.2,78.1,647,29.4,0.9,17.9,249.94
1184,2024-06-20,T005,2,3160,350.0,80.9,721,32.9,1.7,15.0,93.6
1185,2024-01-19,T006,5,7194,316.8,55.8,493,34.8,1.2,13.5,84.19
1186,2024-01-25,T032,3,4681,543.3,78.6,549,21.8,1.0,13.8,153.43
1187,2024-03-10,T021,5,6837,555.4,76.2,0,27.6,0.5,5.3,154.76
1188,2024-02-27,T014,3,4604,441.4,80.3,0,23.4,3.9,5.7,118.0
1189,2024-07-27,T003,7,8783,481.5,60.8,527,20.2,4.2,5.5,125.24
1190,2024-02-09,T013,1,1390,444.2,80.6,456,22.5,1.7,2.0,120.56
1191,2024-07-27,T022,6,7268,247.9,83.7,445,29.4,3.4,14.0,71.03
1192,2024-03-16,T007,7,8906,617.8,71.2,0,10.6,6.6,8.1,175.95
1193,2024-04-16,T016,7,9535,761.8,74.6,160,25.7,11.4,2.0,212.18
1194,2024-06-05,T034,7,10172,817.9,79.5,438,21.9,2.0,8.1,226.4
1195,2024-06-28,T023,4,6509,527.5,77.0,482,17.1,1.5,5.0,141.7
1196,2024-01-01,T010,5,7656,526.2,74.0,245,30.2,5.3,17.9,137.86
1197,2024-04-15,T005,6,8164,650.4,86.8,449,31.1,4.9,23.4,178.79
1198,2024-04-26,T002,4,5256,377.9,62.2,334,21.3,0.1,8.0,98.26
1199,2024-08-14,T005,3,4229,698.1,74.8,194,23.8,0.7,5.3,178.25
1200,2024-04-16,T016,8,10387,754.8,77.2,45,26.2,0.0,27.4,211.68
